"appName","fileId","content"
"Tomcat8","0","javax.annotation"
"Tomcat8","1","jakarta.annotation"
"Tomcat8","2","jakarta.annotation"
"Tomcat8","3","jakarta.annotation"
"Tomcat8","4","jakarta.annotation"
"Tomcat8","6","jakarta.annotation"
"Tomcat8","7","jakarta.annotation.security"
"Tomcat8","8","jakarta.annotation.security"
"Tomcat8","9","jakarta.annotation.security"
"Tomcat8","10","jakarta.annotation.security"
"Tomcat8","11","jakarta.annotation.security"
"Tomcat8","12","jakarta.annotation.sql"
"Tomcat8","13","jakarta.annotation.sql"
"Tomcat8","14","jakarta.ejb"
"Tomcat8","15","jakarta.ejb"
"Tomcat8","16","javax.el"
"Tomcat8","17","jakarta.el"
"Tomcat8","18","jakarta.el"
"Tomcat8","19","jakarta.el"
"Tomcat8","20","jakarta.el"
"Tomcat8","21","jakarta.el"
"Tomcat8","22","jakarta.el"
"Tomcat8","23","jakarta.el"
"Tomcat8","24","jakarta.el"
"Tomcat8","25","jakarta.el"
"Tomcat8","26","jakarta.el"
"Tomcat8","27","jakarta.el"
"Tomcat8","28","jakarta.el"
"Tomcat8","29","jakarta.el"
"Tomcat8","30","jakarta.el"
"Tomcat8","31","jakarta.el"
"Tomcat8","32","jakarta.el"
"Tomcat8","33","jakarta.el"
"Tomcat8","34","jakarta.el"
"Tomcat8","35","jakarta.el"
"Tomcat8","36","jakarta.el"
"Tomcat8","37","jakarta.el"
"Tomcat8","38","jakarta.el"
"Tomcat8","39","jakarta.el"
"Tomcat8","40","jakarta.el"
"Tomcat8","41","jakarta.el"
"Tomcat8","42","jakarta.el"
"Tomcat8","43","jakarta.el"
"Tomcat8","44","jakarta.el"
"Tomcat8","45","jakarta.el"
"Tomcat8","46","jakarta.el"
"Tomcat8","47","jakarta.el"
"Tomcat8","48","jakarta.el"
"Tomcat8","49","jakarta.el"
"Tomcat8","50","jakarta.el"
"Tomcat8","51","jakarta.mail"
"Tomcat8","52","jakarta.mail.internet"
"Tomcat8","53","jakarta.mail.internet"
"Tomcat8","54","jakarta.mail.internet"
"Tomcat8","55","jakarta.mail.internet"
"Tomcat8","56","jakarta.mail"
"Tomcat8","57","jakarta.mail"
"Tomcat8","58","jakarta.persistence"
"Tomcat8","59","jakarta.persistence"
"Tomcat8","60","jakarta.persistence"
"Tomcat8","61","jakarta.persistence"
"Tomcat8","62","jakarta.persistence"
"Tomcat8","63","jakarta.persistence"
"Tomcat8","64","jakarta.persistence"
"Tomcat8","65","jakarta.security.auth.message"
"Tomcat8","66","jakarta.security.auth.message"
"Tomcat8","67","jakarta.security.auth.message.callback"
"Tomcat8","68","jakarta.security.auth.message.callback"
"Tomcat8","69","jakarta.security.auth.message.callback"
"Tomcat8","70","jakarta.security.auth.message.callback"
"Tomcat8","71","jakarta.security.auth.message.callback"
"Tomcat8","72","jakarta.security.auth.message.callback"
"Tomcat8","73","jakarta.security.auth.message.callback"
"Tomcat8","74","jakarta.security.auth.message"
"Tomcat8","75","jakarta.security.auth.message.config"
"Tomcat8","78","jakarta.security.auth.message.config"
"Tomcat8","79","jakarta.security.auth.message.config"
"Tomcat8","80","jakarta.security.auth.message.config"
"Tomcat8","81","jakarta.security.auth.message.config"
"Tomcat8","82","jakarta.security.auth.message.config"
"Tomcat8","83","jakarta.security.auth.message"
"Tomcat8","84","jakarta.security.auth.message"
"Tomcat8","85","jakarta.security.auth.message.module"
"Tomcat8","86","jakarta.security.auth.message.module"
"Tomcat8","87","jakarta.security.auth.message"
"Tomcat8","88","jakarta.servlet.annotation"
"Tomcat8","89","jakarta.servlet.annotation"
"Tomcat8","90","jakarta.servlet.annotation"
"Tomcat8","91","jakarta.servlet.annotation"
"Tomcat8","92","jakarta.servlet.annotation"
"Tomcat8","93","jakarta.servlet.annotation"
"Tomcat8","94","jakarta.servlet.annotation"
"Tomcat8","95","jakarta.servlet.annotation"
"Tomcat8","96","jakarta.servlet.annotation"
"Tomcat8","97","jakarta.servlet"
"Tomcat8","98","jakarta.servlet"
"Tomcat8","99","jakarta.servlet"
"Tomcat8","100","jakarta.servlet.descriptor"
"Tomcat8","101","jakarta.servlet.descriptor"
"Tomcat8","102","jakarta.servlet.descriptor"
"Tomcat8","103","jakarta.servlet"
"Tomcat8","104","jakarta.servlet"
"Tomcat8","105","jakarta.servlet"
"Tomcat8","106","jakarta.servlet"
"Tomcat8","107","jakarta.servlet"
"Tomcat8","108","jakarta.servlet"
"Tomcat8","109","jakarta.servlet"
"Tomcat8","110","jakarta.servlet.http"
"Tomcat8","111","jakarta.servlet.http"
"Tomcat8","112","jakarta.servlet.http"
"Tomcat8","113","jakarta.servlet.http"
"Tomcat8","114","jakarta.servlet.http"
"Tomcat8","115","jakarta.servlet.http"
"Tomcat8","116","jakarta.servlet.http"
"Tomcat8","117","jakarta.servlet.http"
"Tomcat8","118","jakarta.servlet.http"
"Tomcat8","119","jakarta.servlet.http"
"Tomcat8","120","jakarta.servlet.http"
"Tomcat8","121","jakarta.servlet.http"
"Tomcat8","122","jakarta.servlet.http"
"Tomcat8","123","jakarta.servlet.http"
"Tomcat8","124","jakarta.servlet.http"
"Tomcat8","125","jakarta.servlet.http"
"Tomcat8","126","jakarta.servlet.http"
"Tomcat8","127","jakarta.servlet.http"
"Tomcat8","128","jakarta.servlet.http"
"Tomcat8","129","jakarta.servlet.http"
"Tomcat8","130","jakarta.servlet.http"
"Tomcat8","131","jakarta.servlet"
"Tomcat8","132","jakarta.servlet"
"Tomcat8","133","jakarta.servlet.jsp.el"
"Tomcat8","134","jakarta.servlet.jsp.el"
"Tomcat8","135","jakarta.servlet.jsp.el"
"Tomcat8","136","jakarta.servlet.jsp.el"
"Tomcat8","137","jakarta.servlet.jsp.el"
"Tomcat8","138","jakarta.servlet.jsp.el"
"Tomcat8","139","jakarta.servlet.jsp.el"
"Tomcat8","140","jakarta.servlet.jsp.el"
"Tomcat8","141","jakarta.servlet.jsp.el"
"Tomcat8","142","jakarta.servlet.jsp.el"
"Tomcat8","143","jakarta.servlet.jsp"
"Tomcat8","144","jakarta.servlet.jsp"
"Tomcat8","145","jakarta.servlet.jsp"
"Tomcat8","146","jakarta.servlet.jsp"
"Tomcat8","147","jakarta.servlet.jsp"
"Tomcat8","148","jakarta.servlet.jsp"
"Tomcat8","149","jakarta.servlet.jsp"
"Tomcat8","150","jakarta.servlet.jsp"
"Tomcat8","151","jakarta.servlet.jsp"
"Tomcat8","152","jakarta.servlet.jsp"
"Tomcat8","153","jakarta.servlet.jsp"
"Tomcat8","154","jakarta.servlet.jsp"
"Tomcat8","155","jakarta.servlet.jsp.tagext"
"Tomcat8","156","jakarta.servlet.jsp.tagext"
"Tomcat8","157","jakarta.servlet.jsp.tagext"
"Tomcat8","158","jakarta.servlet.jsp.tagext"
"Tomcat8","159","jakarta.servlet.jsp.tagext"
"Tomcat8","160","jakarta.servlet.jsp.tagext"
"Tomcat8","161","jakarta.servlet.jsp.tagext"
"Tomcat8","162","jakarta.servlet.jsp.tagext"
"Tomcat8","163","jakarta.servlet.jsp.tagext"
"Tomcat8","164","jakarta.servlet.jsp.tagext"
"Tomcat8","165","jakarta.servlet.jsp.tagext"
"Tomcat8","166","jakarta.servlet.jsp.tagext"
"Tomcat8","167","jakarta.servlet.jsp.tagext"
"Tomcat8","168","jakarta.servlet.jsp.tagext"
"Tomcat8","169","jakarta.servlet.jsp.tagext"
"Tomcat8","170","jakarta.servlet.jsp.tagext"
"Tomcat8","171","jakarta.servlet.jsp.tagext"
"Tomcat8","172","jakarta.servlet.jsp.tagext"
"Tomcat8","173","jakarta.servlet.jsp.tagext"
"Tomcat8","174","jakarta.servlet.jsp.tagext"
"Tomcat8","175","jakarta.servlet.jsp.tagext"
"Tomcat8","176","jakarta.servlet.jsp.tagext"
"Tomcat8","177","jakarta.servlet.jsp.tagext"
"Tomcat8","178","jakarta.servlet.jsp.tagext"
"Tomcat8","179","jakarta.servlet.jsp.tagext"
"Tomcat8","180","jakarta.servlet.jsp.tagext"
"Tomcat8","181","jakarta.servlet"
"Tomcat8","182","jakarta.servlet"
"Tomcat8","183","jakarta.servlet"
"Tomcat8","184","jakarta.servlet"
"Tomcat8","185","jakarta.servlet"
"Tomcat8","186","jakarta.servlet"
"Tomcat8","187","jakarta.servlet"
"Tomcat8","188","jakarta.servlet"
"Tomcat8","189","jakarta.servlet"
"Tomcat8","190","jakarta.servlet"
"Tomcat8","191","jakarta.servlet"
"Tomcat8","192","jakarta.servlet"
"Tomcat8","193","jakarta.servlet"
"Tomcat8","194","jakarta.servlet"
"Tomcat8","195","jakarta.servlet"
"Tomcat8","196","jakarta.servlet"
"Tomcat8","197","jakarta.servlet"
"Tomcat8","198","jakarta.servlet"
"Tomcat8","199","jakarta.servlet"
"Tomcat8","200","jakarta.servlet"
"Tomcat8","201","jakarta.servlet"
"Tomcat8","202","jakarta.servlet"
"Tomcat8","203","jakarta.servlet"
"Tomcat8","204","jakarta.servlet"
"Tomcat8","205","jakarta.servlet"
"Tomcat8","206","jakarta.servlet"
"Tomcat8","207","jakarta.servlet"
"Tomcat8","208","jakarta.servlet"
"Tomcat8","209","jakarta.servlet"
"Tomcat8","210","jakarta.servlet"
"Tomcat8","211","jakarta.transaction"
"Tomcat8","212","jakarta.transaction"
"Tomcat8","213","jakarta.transaction"
"Tomcat8","214","jakarta.transaction"
"Tomcat8","215","jakarta.transaction"
"Tomcat8","216","jakarta.transaction"
"Tomcat8","217","jakarta.transaction"
"Tomcat8","218","jakarta.transaction"
"Tomcat8","219","jakarta.transaction"
"Tomcat8","220","jakarta.transaction"
"Tomcat8","221","jakarta.transaction"
"Tomcat8","222","jakarta.transaction"
"Tomcat8","223","jakarta.transaction"
"Tomcat8","224","jakarta.transaction"
"Tomcat8","225","jakarta.transaction"
"Tomcat8","226","jakarta.websocket"
"Tomcat8","227","jakarta.websocket"
"Tomcat8","228","jakarta.websocket"
"Tomcat8","229","jakarta.websocket"
"Tomcat8","230","jakarta.websocket"
"Tomcat8","231","jakarta.websocket"
"Tomcat8","232","jakarta.websocket"
"Tomcat8","233","jakarta.websocket"
"Tomcat8","234","jakarta.websocket"
"Tomcat8","235","jakarta.websocket"
"Tomcat8","236","jakarta.websocket"
"Tomcat8","237","jakarta.websocket"
"Tomcat8","238","jakarta.websocket"
"Tomcat8","239","jakarta.websocket"
"Tomcat8","240","jakarta.websocket"
"Tomcat8","241","jakarta.websocket"
"Tomcat8","242","jakarta.websocket"
"Tomcat8","243","jakarta.websocket"
"Tomcat8","244","jakarta.websocket"
"Tomcat8","245","jakarta.websocket"
"Tomcat8","246","jakarta.websocket"
"Tomcat8","247","jakarta.websocket"
"Tomcat8","248","jakarta.websocket"
"Tomcat8","249","jakarta.websocket.server"
"Tomcat8","250","jakarta.websocket.server"
"Tomcat8","251","jakarta.websocket.server"
"Tomcat8","252","jakarta.websocket.server"
"Tomcat8","253","jakarta.websocket.server"
"Tomcat8","254","jakarta.websocket.server"
"Tomcat8","255","jakarta.websocket.server"
"Tomcat8","256","jakarta.websocket"
"Tomcat8","257","jakarta.websocket"
"Tomcat8","258","jakarta.websocket"
"Tomcat8","259","jakarta.xml.ws"
"Tomcat8","260","jakarta.xml.ws"
"Tomcat8","261","org.apache.catalina"
"Tomcat8","262","org.apache.catalina.ant"
"Tomcat8","263","org.apache.catalina.ant"
"Tomcat8","264","org.apache.catalina.ant"
"Tomcat8","265","org.apache.catalina.ant"
"Tomcat8","266","org.apache.catalina.ant"
"Tomcat8","267","org.apache.catalina.ant"
"Tomcat8","268","org.apache.catalina.ant.jmx"
"Tomcat8","269","org.apache.catalina.ant.jmx"
"Tomcat8","270","org.apache.catalina.ant.jmx"
"Tomcat8","271","org.apache.catalina.ant.jmx"
"Tomcat8","272","org.apache.catalina.ant.jmx"
"Tomcat8","273","org.apache.catalina.ant.jmx"
"Tomcat8","274","org.apache.catalina.ant.jmx"
"Tomcat8","275","org.apache.catalina.ant.jmx"
"Tomcat8","276","org.apache.catalina.ant.jmx"
"Tomcat8","277","org.apache.catalina.ant.jmx"
"Tomcat8","278","org.apache.catalina.ant.jmx"
"Tomcat8","279","org.apache.catalina.ant"
"Tomcat8","280","org.apache.catalina.ant"
"Tomcat8","281","org.apache.catalina.ant"
"Tomcat8","282","org.apache.catalina.ant"
"Tomcat8","283","org.apache.catalina.ant"
"Tomcat8","284","org.apache.catalina.ant"
"Tomcat8","285","org.apache.catalina.ant"
"Tomcat8","286","org.apache.catalina.ant"
"Tomcat8","287","org.apache.catalina.ant"
"Tomcat8","288","org.apache.catalina.ant"
"Tomcat8","289","org.apache.catalina.ant"
"Tomcat8","290","org.apache.catalina.ant"
"Tomcat8","291","org.apache.catalina.ant"
"Tomcat8","292","org.apache.catalina.ant"
"Tomcat8","293","org.apache.catalina.ant"
"Tomcat8","294","org.apache.catalina"
"Tomcat8","295","org.apache.catalina.authenticator"
"Tomcat8","296","org.apache.catalina.authenticator"
"Tomcat8","297","org.apache.catalina.authenticator"
"Tomcat8","298","org.apache.catalina.authenticator"
"Tomcat8","299","org.apache.catalina.authenticator"
"Tomcat8","300","org.apache.catalina.authenticator.jaspic"
"Tomcat8","301","org.apache.catalina.authenticator.jaspic"
"Tomcat8","302","org.apache.catalina.authenticator.jaspic"
"Tomcat8","303","org.apache.catalina.authenticator.jaspic"
"Tomcat8","304","org.apache.catalina.authenticator.jaspic"
"Tomcat8","305","org.apache.catalina.authenticator.jaspic"
"Tomcat8","306","org.apache.catalina.authenticator.jaspic"
"Tomcat8","307","org.apache.catalina.authenticator"
"Tomcat8","308","org.apache.catalina.authenticator"
"Tomcat8","309","org.apache.catalina.authenticator"
"Tomcat8","310","org.apache.catalina.authenticator"
"Tomcat8","311","org.apache.catalina.authenticator"
"Tomcat8","312","org.apache.catalina.authenticator"
"Tomcat8","313","org.apache.catalina.authenticator"
"Tomcat8","314","org.apache.catalina.authenticator"
"Tomcat8","315","org.apache.catalina"
"Tomcat8","316","org.apache.catalina"
"Tomcat8","317","org.apache.catalina.connector"
"Tomcat8","318","org.apache.catalina.connector"
"Tomcat8","319","org.apache.catalina.connector"
"Tomcat8","320","org.apache.catalina.connector"
"Tomcat8","321","org.apache.catalina.connector"
"Tomcat8","322","org.apache.catalina.connector"
"Tomcat8","323","org.apache.catalina.connector"
"Tomcat8","324","org.apache.catalina.connector"
"Tomcat8","325","org.apache.catalina.connector"
"Tomcat8","326","org.apache.catalina.connector"
"Tomcat8","327","org.apache.catalina.connector"
"Tomcat8","328","org.apache.catalina.connector"
"Tomcat8","329","org.apache.catalina.connector"
"Tomcat8","330","org.apache.catalina.connector"
"Tomcat8","331","org.apache.catalina"
"Tomcat8","332","org.apache.catalina"
"Tomcat8","333","org.apache.catalina"
"Tomcat8","334","org.apache.catalina"
"Tomcat8","335","org.apache.catalina"
"Tomcat8","336","org.apache.catalina"
"Tomcat8","337","org.apache.catalina.core"
"Tomcat8","338","org.apache.catalina.core"
"Tomcat8","339","org.apache.catalina.core"
"Tomcat8","340","org.apache.catalina.core"
"Tomcat8","341","org.apache.catalina.core"
"Tomcat8","342","org.apache.catalina.core"
"Tomcat8","343","org.apache.catalina.core"
"Tomcat8","344","org.apache.catalina.core"
"Tomcat8","345","org.apache.catalina.core"
"Tomcat8","346","org.apache.catalina.core"
"Tomcat8","347","org.apache.catalina.core"
"Tomcat8","348","org.apache.catalina.core"
"Tomcat8","349","org.apache.catalina.core"
"Tomcat8","350","org.apache.catalina.core"
"Tomcat8","351","org.apache.catalina.core"
"Tomcat8","352","org.apache.catalina.core"
"Tomcat8","353","org.apache.catalina.core"
"Tomcat8","354","org.apache.catalina.core"
"Tomcat8","355","org.apache.catalina.core"
"Tomcat8","356","org.apache.catalina.core"
"Tomcat8","357","org.apache.catalina.core"
"Tomcat8","358","org.apache.catalina.core"
"Tomcat8","359","org.apache.catalina.core"
"Tomcat8","360","org.apache.catalina.core"
"Tomcat8","361","org.apache.catalina.core"
"Tomcat8","362","org.apache.catalina.core"
"Tomcat8","363","org.apache.catalina.core"
"Tomcat8","364","org.apache.catalina.core"
"Tomcat8","365","org.apache.catalina.core"
"Tomcat8","366","org.apache.catalina.core"
"Tomcat8","367","org.apache.catalina.core"
"Tomcat8","368","org.apache.catalina.core"
"Tomcat8","369","org.apache.catalina.core"
"Tomcat8","370","org.apache.catalina.core"
"Tomcat8","371","org.apache.catalina.core"
"Tomcat8","372","org.apache.catalina.core"
"Tomcat8","373","org.apache.catalina.core"
"Tomcat8","374","org.apache.catalina.core"
"Tomcat8","375","org.apache.catalina.core"
"Tomcat8","376","org.apache.catalina.core"
"Tomcat8","377","org.apache.catalina.core"
"Tomcat8","378","org.apache.catalina.core"
"Tomcat8","379","org.apache.catalina"
"Tomcat8","380","org.apache.catalina.deploy"
"Tomcat8","381","org.apache.catalina"
"Tomcat8","382","org.apache.catalina"
"Tomcat8","383","org.apache.catalina"
"Tomcat8","384","org.apache.catalina.filters"
"Tomcat8","385","org.apache.catalina.filters"
"Tomcat8","386","org.apache.catalina.filters"
"Tomcat8","387","org.apache.catalina.filters"
"Tomcat8","388","org.apache.catalina.filters"
"Tomcat8","389","org.apache.catalina.filters"
"Tomcat8","390","org.apache.catalina.filters"
"Tomcat8","391","org.apache.catalina.filters"
"Tomcat8","392","org.apache.catalina.filters"
"Tomcat8","393","org.apache.catalina.filters"
"Tomcat8","394","org.apache.catalina.filters"
"Tomcat8","395","org.apache.catalina.filters"
"Tomcat8","396","org.apache.catalina.filters"
"Tomcat8","397","org.apache.catalina.filters"
"Tomcat8","398","org.apache.catalina.filters"
"Tomcat8","399","org.apache.catalina.filters"
"Tomcat8","400","org.apache.catalina.filters"
"Tomcat8","401","org.apache.catalina.filters"
"Tomcat8","402","org.apache.catalina.filters"
"Tomcat8","403","org.apache.catalina"
"Tomcat8","404","org.apache.catalina"
"Tomcat8","405","org.apache.catalina.ha.authenticator"
"Tomcat8","406","org.apache.catalina.ha.authenticator"
"Tomcat8","407","org.apache.catalina.ha.backend"
"Tomcat8","408","org.apache.catalina.ha.backend"
"Tomcat8","409","org.apache.catalina.ha.backend"
"Tomcat8","410","org.apache.catalina.ha.backend"
"Tomcat8","411","org.apache.catalina.ha.backend"
"Tomcat8","412","org.apache.catalina.ha.backend"
"Tomcat8","413","org.apache.catalina.ha"
"Tomcat8","414","org.apache.catalina.ha"
"Tomcat8","415","org.apache.catalina.ha"
"Tomcat8","416","org.apache.catalina.ha"
"Tomcat8","417","org.apache.catalina.ha"
"Tomcat8","418","org.apache.catalina.ha"
"Tomcat8","419","org.apache.catalina.ha"
"Tomcat8","420","org.apache.catalina.ha"
"Tomcat8","421","org.apache.catalina.ha"
"Tomcat8","422","org.apache.catalina.ha.context"
"Tomcat8","423","org.apache.catalina.ha.deploy"
"Tomcat8","424","org.apache.catalina.ha.deploy"
"Tomcat8","425","org.apache.catalina.ha.deploy"
"Tomcat8","426","org.apache.catalina.ha.deploy"
"Tomcat8","427","org.apache.catalina.ha.deploy"
"Tomcat8","428","org.apache.catalina.ha.deploy"
"Tomcat8","429","org.apache.catalina.ha.session"
"Tomcat8","430","org.apache.catalina.ha.session"
"Tomcat8","431","org.apache.catalina.ha.session"
"Tomcat8","432","org.apache.catalina.ha.session"
"Tomcat8","433","org.apache.catalina.ha.session"
"Tomcat8","434","org.apache.catalina.ha.session"
"Tomcat8","435","org.apache.catalina.ha.session"
"Tomcat8","436","org.apache.catalina.ha.session"
"Tomcat8","437","org.apache.catalina.ha.session"
"Tomcat8","438","org.apache.catalina.ha.session"
"Tomcat8","439","org.apache.catalina.ha.tcp"
"Tomcat8","440","org.apache.catalina.ha.tcp"
"Tomcat8","441","org.apache.catalina.ha.tcp"
"Tomcat8","442","org.apache.catalina.ha.tcp"
"Tomcat8","443","org.apache.catalina"
"Tomcat8","444","org.apache.catalina"
"Tomcat8","445","org.apache.catalina"
"Tomcat8","446","org.apache.catalina"
"Tomcat8","447","org.apache.catalina"
"Tomcat8","448","org.apache.catalina"
"Tomcat8","449","org.apache.catalina"
"Tomcat8","450","org.apache.catalina.loader"
"Tomcat8","451","org.apache.catalina.loader"
"Tomcat8","452","org.apache.catalina.loader"
"Tomcat8","453","org.apache.catalina.loader"
"Tomcat8","454","org.apache.catalina.loader"
"Tomcat8","455","org.apache.catalina.loader"
"Tomcat8","456","org.apache.catalina"
"Tomcat8","457","org.apache.catalina.manager"
"Tomcat8","458","org.apache.catalina.manager"
"Tomcat8","459","org.apache.catalina.manager.host"
"Tomcat8","460","org.apache.catalina.manager.host"
"Tomcat8","461","org.apache.catalina.manager.host"
"Tomcat8","462","org.apache.catalina.manager"
"Tomcat8","463","org.apache.catalina.manager"
"Tomcat8","464","org.apache.catalina.manager"
"Tomcat8","465","org.apache.catalina.manager"
"Tomcat8","466","org.apache.catalina.manager"
"Tomcat8","467","org.apache.catalina.manager"
"Tomcat8","468","org.apache.catalina.manager.util"
"Tomcat8","469","org.apache.catalina.manager.util"
"Tomcat8","470","org.apache.catalina"
"Tomcat8","471","org.apache.catalina.mapper"
"Tomcat8","472","org.apache.catalina.mapper"
"Tomcat8","473","org.apache.catalina.mapper"
"Tomcat8","474","org.apache.catalina.mapper"
"Tomcat8","475","org.apache.catalina.mapper"
"Tomcat8","476","org.apache.catalina.mbeans"
"Tomcat8","477","org.apache.catalina.mbeans"
"Tomcat8","478","org.apache.catalina.mbeans"
"Tomcat8","479","org.apache.catalina.mbeans"
"Tomcat8","480","org.apache.catalina.mbeans"
"Tomcat8","481","org.apache.catalina.mbeans"
"Tomcat8","482","org.apache.catalina.mbeans"
"Tomcat8","483","org.apache.catalina.mbeans"
"Tomcat8","484","org.apache.catalina.mbeans"
"Tomcat8","485","org.apache.catalina.mbeans"
"Tomcat8","486","org.apache.catalina.mbeans"
"Tomcat8","487","org.apache.catalina.mbeans"
"Tomcat8","488","org.apache.catalina.mbeans"
"Tomcat8","489","org.apache.catalina.mbeans"
"Tomcat8","490","org.apache.catalina.mbeans"
"Tomcat8","491","org.apache.catalina.mbeans"
"Tomcat8","492","org.apache.catalina.mbeans"
"Tomcat8","493","org.apache.catalina.mbeans"
"Tomcat8","494","org.apache.catalina.mbeans"
"Tomcat8","495","org.apache.catalina.mbeans"
"Tomcat8","496","org.apache.catalina"
"Tomcat8","497","org.apache.catalina.realm"
"Tomcat8","498","org.apache.catalina.realm"
"Tomcat8","499","org.apache.catalina.realm"
"Tomcat8","500","org.apache.catalina.realm"
"Tomcat8","501","org.apache.catalina.realm"
"Tomcat8","502","org.apache.catalina.realm"
"Tomcat8","503","org.apache.catalina.realm"
"Tomcat8","504","org.apache.catalina.realm"
"Tomcat8","505","org.apache.catalina.realm"
"Tomcat8","506","org.apache.catalina.realm"
"Tomcat8","507","org.apache.catalina.realm"
"Tomcat8","508","org.apache.catalina.realm"
"Tomcat8","509","org.apache.catalina.realm"
"Tomcat8","510","org.apache.catalina.realm"
"Tomcat8","511","org.apache.catalina.realm"
"Tomcat8","512","org.apache.catalina.realm"
"Tomcat8","513","org.apache.catalina.realm"
"Tomcat8","514","org.apache.catalina.realm"
"Tomcat8","515","org.apache.catalina.realm"
"Tomcat8","516","org.apache.catalina.realm"
"Tomcat8","517","org.apache.catalina"
"Tomcat8","518","org.apache.catalina"
"Tomcat8","519","org.apache.catalina.security"
"Tomcat8","520","org.apache.catalina.security"
"Tomcat8","521","org.apache.catalina.security"
"Tomcat8","522","org.apache.catalina.security"
"Tomcat8","523","org.apache.catalina.security"
"Tomcat8","524","org.apache.catalina.security"
"Tomcat8","525","org.apache.catalina"
"Tomcat8","526","org.apache.catalina"
"Tomcat8","527","org.apache.catalina.servlets"
"Tomcat8","528","org.apache.catalina.servlets"
"Tomcat8","529","org.apache.catalina.servlets"
"Tomcat8","530","org.apache.catalina.session"
"Tomcat8","531","org.apache.catalina.session"
"Tomcat8","532","org.apache.catalina.session"
"Tomcat8","533","org.apache.catalina.session"
"Tomcat8","534","org.apache.catalina.session"
"Tomcat8","535","org.apache.catalina.session"
"Tomcat8","536","org.apache.catalina.session"
"Tomcat8","537","org.apache.catalina.session"
"Tomcat8","538","org.apache.catalina.session"
"Tomcat8","539","org.apache.catalina.session"
"Tomcat8","540","org.apache.catalina.session"
"Tomcat8","541","org.apache.catalina"
"Tomcat8","542","org.apache.catalina"
"Tomcat8","543","org.apache.catalina"
"Tomcat8","544","org.apache.catalina"
"Tomcat8","545","org.apache.catalina.ssi"
"Tomcat8","546","org.apache.catalina.ssi"
"Tomcat8","547","org.apache.catalina.ssi"
"Tomcat8","548","org.apache.catalina.ssi"
"Tomcat8","549","org.apache.catalina.ssi"
"Tomcat8","550","org.apache.catalina.ssi"
"Tomcat8","551","org.apache.catalina.ssi"
"Tomcat8","552","org.apache.catalina.ssi"
"Tomcat8","553","org.apache.catalina.ssi"
"Tomcat8","554","org.apache.catalina.ssi"
"Tomcat8","555","org.apache.catalina.ssi"
"Tomcat8","556","org.apache.catalina.ssi"
"Tomcat8","557","org.apache.catalina.ssi"
"Tomcat8","558","org.apache.catalina.ssi"
"Tomcat8","559","org.apache.catalina.ssi"
"Tomcat8","560","org.apache.catalina.ssi"
"Tomcat8","561","org.apache.catalina.ssi"
"Tomcat8","562","org.apache.catalina.ssi"
"Tomcat8","563","org.apache.catalina.ssi"
"Tomcat8","564","org.apache.catalina.ssi"
"Tomcat8","565","org.apache.catalina.ssi"
"Tomcat8","566","org.apache.catalina.ssi"
"Tomcat8","567","org.apache.catalina.ssi"
"Tomcat8","568","org.apache.catalina.startup"
"Tomcat8","569","org.apache.catalina.startup"
"Tomcat8","570","org.apache.catalina.startup"
"Tomcat8","571","org.apache.catalina.startup"
"Tomcat8","572","org.apache.catalina.startup"
"Tomcat8","573","org.apache.catalina.startup"
"Tomcat8","574","org.apache.catalina.startup"
"Tomcat8","575","org.apache.catalina.startup"
"Tomcat8","576","org.apache.catalina.startup"
"Tomcat8","577","org.apache.catalina.startup"
"Tomcat8","578","org.apache.catalina.startup"
"Tomcat8","579","org.apache.catalina.startup"
"Tomcat8","580","org.apache.catalina.startup"
"Tomcat8","581","org.apache.catalina.startup"
"Tomcat8","582","org.apache.catalina.startup"
"Tomcat8","583","org.apache.catalina.startup"
"Tomcat8","584","org.apache.catalina.startup"
"Tomcat8","585","org.apache.catalina.startup"
"Tomcat8","586","org.apache.catalina.startup"
"Tomcat8","587","org.apache.catalina.startup"
"Tomcat8","588","org.apache.catalina.startup"
"Tomcat8","589","org.apache.catalina.startup"
"Tomcat8","590","org.apache.catalina.startup"
"Tomcat8","591","org.apache.catalina.startup"
"Tomcat8","592","org.apache.catalina.startup"
"Tomcat8","593","org.apache.catalina.startup"
"Tomcat8","594","org.apache.catalina.startup"
"Tomcat8","595","org.apache.catalina.startup"
"Tomcat8","596","org.apache.catalina.startup"
"Tomcat8","597","org.apache.catalina.startup"
"Tomcat8","598","org.apache.catalina.startup"
"Tomcat8","599","org.apache.catalina.startup"
"Tomcat8","600","org.apache.catalina.startup"
"Tomcat8","601","org.apache.catalina.startup"
"Tomcat8","602","org.apache.catalina"
"Tomcat8","603","org.apache.catalina.storeconfig"
"Tomcat8","604","org.apache.catalina.storeconfig"
"Tomcat8","605","org.apache.catalina.storeconfig"
"Tomcat8","606","org.apache.catalina.storeconfig"
"Tomcat8","607","org.apache.catalina.storeconfig"
"Tomcat8","608","org.apache.catalina.storeconfig"
"Tomcat8","609","org.apache.catalina.storeconfig"
"Tomcat8","610","org.apache.catalina.storeconfig"
"Tomcat8","611","org.apache.catalina.storeconfig"
"Tomcat8","612","org.apache.catalina.storeconfig"
"Tomcat8","613","org.apache.catalina.storeconfig"
"Tomcat8","614","org.apache.catalina.storeconfig"
"Tomcat8","615","org.apache.catalina.storeconfig"
"Tomcat8","616","org.apache.catalina.storeconfig"
"Tomcat8","617","org.apache.catalina.storeconfig"
"Tomcat8","618","org.apache.catalina.storeconfig"
"Tomcat8","619","org.apache.catalina.storeconfig"
"Tomcat8","620","org.apache.catalina.storeconfig"
"Tomcat8","621","org.apache.catalina.storeconfig"
"Tomcat8","622","org.apache.catalina.storeconfig"
"Tomcat8","623","org.apache.catalina.storeconfig"
"Tomcat8","624","org.apache.catalina.storeconfig"
"Tomcat8","625","org.apache.catalina.storeconfig"
"Tomcat8","626","org.apache.catalina.storeconfig"
"Tomcat8","627","org.apache.catalina.storeconfig"
"Tomcat8","628","org.apache.catalina.storeconfig"
"Tomcat8","629","org.apache.catalina.storeconfig"
"Tomcat8","630","org.apache.catalina.storeconfig"
"Tomcat8","631","org.apache.catalina.storeconfig"
"Tomcat8","632","org.apache.catalina.storeconfig"
"Tomcat8","633","org.apache.catalina.storeconfig"
"Tomcat8","634","org.apache.catalina.storeconfig"
"Tomcat8","635","org.apache.catalina.storeconfig"
"Tomcat8","636","org.apache.catalina.storeconfig"
"Tomcat8","637","org.apache.catalina.storeconfig"
"Tomcat8","638","org.apache.catalina.storeconfig"
"Tomcat8","639","org.apache.catalina.storeconfig"
"Tomcat8","640","org.apache.catalina.storeconfig"
"Tomcat8","641","org.apache.catalina.storeconfig"
"Tomcat8","642","org.apache.catalina"
"Tomcat8","643","org.apache.catalina"
"Tomcat8","644","org.apache.catalina"
"Tomcat8","645","org.apache.catalina"
"Tomcat8","646","org.apache.catalina.tribes"
"Tomcat8","647","org.apache.catalina.tribes"
"Tomcat8","648","org.apache.catalina.tribes"
"Tomcat8","649","org.apache.catalina.tribes"
"Tomcat8","650","org.apache.catalina.tribes"
"Tomcat8","651","org.apache.catalina.tribes"
"Tomcat8","652","org.apache.catalina.tribes"
"Tomcat8","653","org.apache.catalina.tribes"
"Tomcat8","654","org.apache.catalina.tribes"
"Tomcat8","655","org.apache.catalina.tribes.group"
"Tomcat8","656","org.apache.catalina.tribes.group"
"Tomcat8","657","org.apache.catalina.tribes.group"
"Tomcat8","658","org.apache.catalina.tribes.group"
"Tomcat8","659","org.apache.catalina.tribes.group"
"Tomcat8","660","org.apache.catalina.tribes.group"
"Tomcat8","661","org.apache.catalina.tribes.group"
"Tomcat8","662","org.apache.catalina.tribes.group.interceptors"
"Tomcat8","663","org.apache.catalina.tribes.group.interceptors"
"Tomcat8","664","org.apache.catalina.tribes.group.interceptors"
"Tomcat8","665","org.apache.catalina.tribes.group.interceptors"
"Tomcat8","666","org.apache.catalina.tribes.group.interceptors"
"Tomcat8","667","org.apache.catalina.tribes.group.interceptors"
"Tomcat8","668","org.apache.catalina.tribes.group.interceptors"
"Tomcat8","669","org.apache.catalina.tribes.group.interceptors"
"Tomcat8","670","org.apache.catalina.tribes.group.interceptors"
"Tomcat8","671","org.apache.catalina.tribes.group.interceptors"
"Tomcat8","672","org.apache.catalina.tribes.group.interceptors"
"Tomcat8","673","org.apache.catalina.tribes.group.interceptors"
"Tomcat8","674","org.apache.catalina.tribes.group.interceptors"
"Tomcat8","675","org.apache.catalina.tribes.group.interceptors"
"Tomcat8","676","org.apache.catalina.tribes.group.interceptors"
"Tomcat8","677","org.apache.catalina.tribes.group.interceptors"
"Tomcat8","678","org.apache.catalina.tribes.group.interceptors"
"Tomcat8","679","org.apache.catalina.tribes.group.interceptors"
"Tomcat8","680","org.apache.catalina.tribes.group.interceptors"
"Tomcat8","681","org.apache.catalina.tribes.group.interceptors"
"Tomcat8","682","org.apache.catalina.tribes.group.interceptors"
"Tomcat8","683","org.apache.catalina.tribes.group.interceptors"
"Tomcat8","684","org.apache.catalina.tribes.group"
"Tomcat8","685","org.apache.catalina.tribes.group"
"Tomcat8","686","org.apache.catalina.tribes.group"
"Tomcat8","687","org.apache.catalina.tribes.group"
"Tomcat8","688","org.apache.catalina.tribes"
"Tomcat8","689","org.apache.catalina.tribes.io"
"Tomcat8","690","org.apache.catalina.tribes.io"
"Tomcat8","691","org.apache.catalina.tribes.io"
"Tomcat8","692","org.apache.catalina.tribes.io"
"Tomcat8","693","org.apache.catalina.tribes.io"
"Tomcat8","694","org.apache.catalina.tribes.io"
"Tomcat8","695","org.apache.catalina.tribes.io"
"Tomcat8","696","org.apache.catalina.tribes.jmx"
"Tomcat8","697","org.apache.catalina.tribes"
"Tomcat8","698","org.apache.catalina.tribes"
"Tomcat8","699","org.apache.catalina.tribes"
"Tomcat8","700","org.apache.catalina.tribes.membership.cloud"
"Tomcat8","701","org.apache.catalina.tribes.membership.cloud"
"Tomcat8","702","org.apache.catalina.tribes.membership.cloud"
"Tomcat8","703","org.apache.catalina.tribes.membership.cloud"
"Tomcat8","704","org.apache.catalina.tribes.membership.cloud"
"Tomcat8","705","org.apache.catalina.tribes.membership.cloud"
"Tomcat8","706","org.apache.catalina.tribes.membership.cloud"
"Tomcat8","707","org.apache.catalina.tribes.membership.cloud"
"Tomcat8","708","org.apache.catalina.tribes.membership.cloud"
"Tomcat8","709","org.apache.catalina.tribes.membership.cloud"
"Tomcat8","710","org.apache.catalina.tribes.membership"
"Tomcat8","711","org.apache.catalina.tribes.membership"
"Tomcat8","712","org.apache.catalina.tribes.membership"
"Tomcat8","713","org.apache.catalina.tribes.membership"
"Tomcat8","714","org.apache.catalina.tribes.membership"
"Tomcat8","715","org.apache.catalina.tribes.membership"
"Tomcat8","716","org.apache.catalina.tribes.membership"
"Tomcat8","717","org.apache.catalina.tribes.membership"
"Tomcat8","718","org.apache.catalina.tribes.membership"
"Tomcat8","719","org.apache.catalina.tribes.membership"
"Tomcat8","720","org.apache.catalina.tribes.membership"
"Tomcat8","721","org.apache.catalina.tribes.membership"
"Tomcat8","722","org.apache.catalina.tribes"
"Tomcat8","723","org.apache.catalina.tribes"
"Tomcat8","724","org.apache.catalina.tribes"
"Tomcat8","725","org.apache.catalina.tribes"
"Tomcat8","726","org.apache.catalina.tribes"
"Tomcat8","727","org.apache.catalina.tribes.tipis"
"Tomcat8","728","org.apache.catalina.tribes.tipis"
"Tomcat8","729","org.apache.catalina.tribes.tipis"
"Tomcat8","730","org.apache.catalina.tribes.tipis"
"Tomcat8","731","org.apache.catalina.tribes.transport"
"Tomcat8","732","org.apache.catalina.tribes.transport"
"Tomcat8","733","org.apache.catalina.tribes.transport"
"Tomcat8","734","org.apache.catalina.tribes.transport"
"Tomcat8","735","org.apache.catalina.tribes.transport"
"Tomcat8","736","org.apache.catalina.tribes.transport.nio"
"Tomcat8","737","org.apache.catalina.tribes.transport.nio"
"Tomcat8","738","org.apache.catalina.tribes.transport.nio"
"Tomcat8","739","org.apache.catalina.tribes.transport.nio"
"Tomcat8","740","org.apache.catalina.tribes.transport.nio"
"Tomcat8","741","org.apache.catalina.tribes.transport.nio"
"Tomcat8","742","org.apache.catalina.tribes.transport.nio"
"Tomcat8","743","org.apache.catalina.tribes.transport"
"Tomcat8","744","org.apache.catalina.tribes.transport"
"Tomcat8","745","org.apache.catalina.tribes.transport"
"Tomcat8","746","org.apache.catalina.tribes.transport"
"Tomcat8","747","org.apache.catalina.tribes.transport"
"Tomcat8","748","org.apache.catalina.tribes"
"Tomcat8","749","org.apache.catalina.tribes.util"
"Tomcat8","750","org.apache.catalina.tribes.util"
"Tomcat8","751","org.apache.catalina.tribes.util"
"Tomcat8","752","org.apache.catalina.tribes.util"
"Tomcat8","753","org.apache.catalina.tribes.util"
"Tomcat8","754","org.apache.catalina.tribes.util"
"Tomcat8","755","org.apache.catalina.tribes.util"
"Tomcat8","756","org.apache.catalina"
"Tomcat8","757","org.apache.catalina"
"Tomcat8","758","org.apache.catalina.users"
"Tomcat8","759","org.apache.catalina.users"
"Tomcat8","760","org.apache.catalina.users"
"Tomcat8","761","org.apache.catalina.users"
"Tomcat8","762","org.apache.catalina.users"
"Tomcat8","763","org.apache.catalina.users"
"Tomcat8","764","org.apache.catalina.users"
"Tomcat8","765","org.apache.catalina.users"
"Tomcat8","766","org.apache.catalina.users"
"Tomcat8","767","org.apache.catalina.users"
"Tomcat8","768","org.apache.catalina.users"
"Tomcat8","769","org.apache.catalina.users"
"Tomcat8","770","org.apache.catalina.users"
"Tomcat8","771","org.apache.catalina.users"
"Tomcat8","772","org.apache.catalina.users"
"Tomcat8","773","org.apache.catalina.util"
"Tomcat8","774","org.apache.catalina.util"
"Tomcat8","775","org.apache.catalina.util"
"Tomcat8","776","org.apache.catalina.util"
"Tomcat8","777","org.apache.catalina.util"
"Tomcat8","778","org.apache.catalina.util"
"Tomcat8","779","org.apache.catalina.util"
"Tomcat8","780","org.apache.catalina.util"
"Tomcat8","781","org.apache.catalina.util"
"Tomcat8","782","org.apache.catalina.util"
"Tomcat8","783","org.apache.catalina.util"
"Tomcat8","784","org.apache.catalina.util"
"Tomcat8","785","org.apache.catalina.util"
"Tomcat8","786","org.apache.catalina.util"
"Tomcat8","787","org.apache.catalina.util"
"Tomcat8","788","org.apache.catalina.util"
"Tomcat8","789","org.apache.catalina.util"
"Tomcat8","790","org.apache.catalina.util"
"Tomcat8","791","org.apache.catalina.util"
"Tomcat8","792","org.apache.catalina.util"
"Tomcat8","793","org.apache.catalina.util"
"Tomcat8","794","org.apache.catalina.util"
"Tomcat8","795","org.apache.catalina.util"
"Tomcat8","796","org.apache.catalina"
"Tomcat8","797","org.apache.catalina.valves"
"Tomcat8","798","org.apache.catalina.valves"
"Tomcat8","799","org.apache.catalina.valves"
"Tomcat8","800","org.apache.catalina.valves"
"Tomcat8","801","org.apache.catalina.valves"
"Tomcat8","802","org.apache.catalina.valves"
"Tomcat8","803","org.apache.catalina.valves"
"Tomcat8","804","org.apache.catalina.valves"
"Tomcat8","805","org.apache.catalina.valves"
"Tomcat8","806","org.apache.catalina.valves"
"Tomcat8","807","org.apache.catalina.valves"
"Tomcat8","808","org.apache.catalina.valves"
"Tomcat8","809","org.apache.catalina.valves"
"Tomcat8","810","org.apache.catalina.valves"
"Tomcat8","811","org.apache.catalina.valves"
"Tomcat8","812","org.apache.catalina.valves"
"Tomcat8","813","org.apache.catalina.valves.rewrite"
"Tomcat8","814","org.apache.catalina.valves.rewrite"
"Tomcat8","815","org.apache.catalina.valves.rewrite"
"Tomcat8","816","org.apache.catalina.valves.rewrite"
"Tomcat8","817","org.apache.catalina.valves.rewrite"
"Tomcat8","818","org.apache.catalina.valves.rewrite"
"Tomcat8","819","org.apache.catalina.valves.rewrite"
"Tomcat8","820","org.apache.catalina.valves.rewrite"
"Tomcat8","821","org.apache.catalina.valves.rewrite"
"Tomcat8","822","org.apache.catalina.valves"
"Tomcat8","823","org.apache.catalina.valves"
"Tomcat8","824","org.apache.catalina.valves"
"Tomcat8","825","org.apache.catalina.valves"
"Tomcat8","826","org.apache.catalina"
"Tomcat8","827","org.apache.catalina"
"Tomcat8","828","org.apache.catalina.webresources"
"Tomcat8","829","org.apache.catalina.webresources"
"Tomcat8","830","org.apache.catalina.webresources"
"Tomcat8","831","org.apache.catalina.webresources"
"Tomcat8","832","org.apache.catalina.webresources"
"Tomcat8","833","org.apache.catalina.webresources"
"Tomcat8","834","org.apache.catalina.webresources"
"Tomcat8","835","org.apache.catalina.webresources"
"Tomcat8","836","org.apache.catalina.webresources"
"Tomcat8","837","org.apache.catalina.webresources"
"Tomcat8","838","org.apache.catalina.webresources"
"Tomcat8","839","org.apache.catalina.webresources"
"Tomcat8","840","org.apache.catalina.webresources"
"Tomcat8","841","org.apache.catalina.webresources"
"Tomcat8","842","org.apache.catalina.webresources"
"Tomcat8","843","org.apache.catalina.webresources"
"Tomcat8","844","org.apache.catalina.webresources"
"Tomcat8","845","org.apache.catalina.webresources"
"Tomcat8","846","org.apache.catalina.webresources"
"Tomcat8","847","org.apache.catalina.webresources"
"Tomcat8","848","org.apache.catalina.webresources"
"Tomcat8","849","org.apache.catalina.webresources"
"Tomcat8","850","org.apache.catalina.webresources"
"Tomcat8","851","org.apache.catalina.webresources"
"Tomcat8","852","org.apache.catalina.webresources"
"Tomcat8","853","org.apache.catalina.webresources"
"Tomcat8","854","org.apache.catalina.webresources"
"Tomcat8","855","org.apache.catalina.webresources.war"
"Tomcat8","856","org.apache.catalina.webresources.war"
"Tomcat8","857","org.apache.catalina.webresources"
"Tomcat8","858","org.apache.catalina.webresources"
"Tomcat8","859","org.apache.catalina"
"Tomcat8","860","org.apache.catalina"
"Tomcat8","861","org.apache.coyote"
"Tomcat8","862","org.apache.coyote"
"Tomcat8","863","org.apache.coyote"
"Tomcat8","864","org.apache.coyote"
"Tomcat8","865","org.apache.coyote"
"Tomcat8","866","org.apache.coyote"
"Tomcat8","867","org.apache.coyote.ajp"
"Tomcat8","868","org.apache.coyote.ajp"
"Tomcat8","869","org.apache.coyote.ajp"
"Tomcat8","870","org.apache.coyote.ajp"
"Tomcat8","871","org.apache.coyote.ajp"
"Tomcat8","872","org.apache.coyote.ajp"
"Tomcat8","873","org.apache.coyote"
"Tomcat8","874","org.apache.coyote"
"Tomcat8","875","org.apache.coyote"
"Tomcat8","876","org.apache.coyote"
"Tomcat8","877","org.apache.coyote"
"Tomcat8","878","org.apache.coyote"
"Tomcat8","879","org.apache.coyote"
"Tomcat8","880","org.apache.coyote.http11"
"Tomcat8","881","org.apache.coyote.http11"
"Tomcat8","882","org.apache.coyote.http11"
"Tomcat8","883","org.apache.coyote.http11.filters"
"Tomcat8","884","org.apache.coyote.http11.filters"
"Tomcat8","885","org.apache.coyote.http11.filters"
"Tomcat8","886","org.apache.coyote.http11.filters"
"Tomcat8","887","org.apache.coyote.http11.filters"
"Tomcat8","888","org.apache.coyote.http11.filters"
"Tomcat8","889","org.apache.coyote.http11.filters"
"Tomcat8","890","org.apache.coyote.http11.filters"
"Tomcat8","891","org.apache.coyote.http11.filters"
"Tomcat8","892","org.apache.coyote.http11"
"Tomcat8","893","org.apache.coyote.http11"
"Tomcat8","894","org.apache.coyote.http11"
"Tomcat8","895","org.apache.coyote.http11"
"Tomcat8","896","org.apache.coyote.http11"
"Tomcat8","897","org.apache.coyote.http11"
"Tomcat8","898","org.apache.coyote.http11"
"Tomcat8","899","org.apache.coyote.http11"
"Tomcat8","900","org.apache.coyote.http11"
"Tomcat8","901","org.apache.coyote.http11.upgrade"
"Tomcat8","902","org.apache.coyote.http11.upgrade"
"Tomcat8","903","org.apache.coyote.http11.upgrade"
"Tomcat8","904","org.apache.coyote.http11.upgrade"
"Tomcat8","905","org.apache.coyote.http11.upgrade"
"Tomcat8","906","org.apache.coyote.http11.upgrade"
"Tomcat8","907","org.apache.coyote.http11.upgrade"
"Tomcat8","908","org.apache.coyote.http11.upgrade"
"Tomcat8","909","org.apache.coyote.http11.upgrade"
"Tomcat8","910","org.apache.coyote.http2"
"Tomcat8","911","org.apache.coyote.http2"
"Tomcat8","912","org.apache.coyote.http2"
"Tomcat8","913","org.apache.coyote.http2"
"Tomcat8","914","org.apache.coyote.http2"
"Tomcat8","915","org.apache.coyote.http2"
"Tomcat8","916","org.apache.coyote.http2"
"Tomcat8","917","org.apache.coyote.http2"
"Tomcat8","918","org.apache.coyote.http2"
"Tomcat8","919","org.apache.coyote.http2"
"Tomcat8","920","org.apache.coyote.http2"
"Tomcat8","921","org.apache.coyote.http2"
"Tomcat8","922","org.apache.coyote.http2"
"Tomcat8","923","org.apache.coyote.http2"
"Tomcat8","924","org.apache.coyote.http2"
"Tomcat8","925","org.apache.coyote.http2"
"Tomcat8","926","org.apache.coyote.http2"
"Tomcat8","927","org.apache.coyote.http2"
"Tomcat8","928","org.apache.coyote.http2"
"Tomcat8","929","org.apache.coyote.http2"
"Tomcat8","930","org.apache.coyote.http2"
"Tomcat8","931","org.apache.coyote.http2"
"Tomcat8","932","org.apache.coyote.http2"
"Tomcat8","933","org.apache.coyote.http2"
"Tomcat8","934","org.apache.coyote.http2"
"Tomcat8","935","org.apache.coyote.http2"
"Tomcat8","936","org.apache.coyote.http2"
"Tomcat8","937","org.apache.coyote.http2"
"Tomcat8","938","org.apache.coyote.http2"
"Tomcat8","939","org.apache.coyote.http2"
"Tomcat8","940","org.apache.coyote.http2"
"Tomcat8","941","org.apache.coyote.http2"
"Tomcat8","942","org.apache.coyote.http2"
"Tomcat8","943","org.apache.coyote"
"Tomcat8","944","org.apache.coyote"
"Tomcat8","945","org.apache.coyote"
"Tomcat8","946","org.apache.coyote"
"Tomcat8","947","org.apache.coyote"
"Tomcat8","948","org.apache.coyote"
"Tomcat8","949","org.apache.coyote"
"Tomcat8","950","org.apache.coyote"
"Tomcat8","951","org.apache.coyote"
"Tomcat8","952","org.apache.coyote"
"Tomcat8","953","org.apache.coyote"
"Tomcat8","954","org.apache.el"
"Tomcat8","955","org.apache.el.lang"
"Tomcat8","956","org.apache.el.lang"
"Tomcat8","957","org.apache.el.lang"
"Tomcat8","958","org.apache.el.lang"
"Tomcat8","959","org.apache.el.lang"
"Tomcat8","960","org.apache.el.lang"
"Tomcat8","961","org.apache.el.lang"
"Tomcat8","962","org.apache.el.lang"
"Tomcat8","963","org.apache.el"
"Tomcat8","964","org.apache.el"
"Tomcat8","965","org.apache.el.parser"
"Tomcat8","966","org.apache.el.parser"
"Tomcat8","967","org.apache.el.parser"
"Tomcat8","968","org.apache.el.parser"
"Tomcat8","969","org.apache.el.parser"
"Tomcat8","970","org.apache.el.parser"
"Tomcat8","971","org.apache.el.parser"
"Tomcat8","972","org.apache.el.parser"
"Tomcat8","973","org.apache.el.parser"
"Tomcat8","974","org.apache.el.parser"
"Tomcat8","975","org.apache.el.parser"
"Tomcat8","976","org.apache.el.parser"
"Tomcat8","977","org.apache.el.parser"
"Tomcat8","978","org.apache.el.parser"
"Tomcat8","979","org.apache.el.parser"
"Tomcat8","980","org.apache.el.parser"
"Tomcat8","981","org.apache.el.parser"
"Tomcat8","982","org.apache.el.parser"
"Tomcat8","983","org.apache.el.parser"
"Tomcat8","984","org.apache.el.parser"
"Tomcat8","985","org.apache.el.parser"
"Tomcat8","986","org.apache.el.parser"
"Tomcat8","987","org.apache.el.parser"
"Tomcat8","988","org.apache.el.parser"
"Tomcat8","989","org.apache.el.parser"
"Tomcat8","990","org.apache.el.parser"
"Tomcat8","991","org.apache.el.parser"
"Tomcat8","992","org.apache.el.parser"
"Tomcat8","993","org.apache.el.parser"
"Tomcat8","994","org.apache.el.parser"
"Tomcat8","995","org.apache.el.parser"
"Tomcat8","996","org.apache.el.parser"
"Tomcat8","997","org.apache.el.parser"
"Tomcat8","998","org.apache.el.parser"
"Tomcat8","999","org.apache.el.parser"
"Tomcat8","1000","org.apache.el.parser"
"Tomcat8","1001","org.apache.el.parser"
"Tomcat8","1002","org.apache.el.parser"
"Tomcat8","1003","org.apache.el.parser"
"Tomcat8","1004","org.apache.el.parser"
"Tomcat8","1005","org.apache.el.parser"
"Tomcat8","1006","org.apache.el.parser"
"Tomcat8","1007","org.apache.el.parser"
"Tomcat8","1008","org.apache.el.parser"
"Tomcat8","1009","org.apache.el.parser"
"Tomcat8","1010","org.apache.el.parser"
"Tomcat8","1011","org.apache.el.parser"
"Tomcat8","1012","org.apache.el.parser"
"Tomcat8","1013","org.apache.el.parser"
"Tomcat8","1014","org.apache.el.parser"
"Tomcat8","1015","org.apache.el.parser"
"Tomcat8","1016","org.apache.el.parser"
"Tomcat8","1017","org.apache.el.parser"
"Tomcat8","1018","org.apache.el.parser"
"Tomcat8","1019","org.apache.el.parser"
"Tomcat8","1020","org.apache.el.parser"
"Tomcat8","1021","org.apache.el.stream"
"Tomcat8","1022","org.apache.el.stream"
"Tomcat8","1023","org.apache.el.stream"
"Tomcat8","1024","org.apache.el.util"
"Tomcat8","1025","org.apache.el.util"
"Tomcat8","1026","org.apache.el.util"
"Tomcat8","1027","org.apache.el.util"
"Tomcat8","1028","org.apache.el"
"Tomcat8","1029","org.apache.el"
"Tomcat8","1030","org.apache.jasper.compiler"
"Tomcat8","1031","org.apache.jasper.compiler"
"Tomcat8","1032","org.apache.jasper.compiler"
"Tomcat8","1033","org.apache.jasper.compiler"
"Tomcat8","1034","org.apache.jasper.compiler"
"Tomcat8","1035","org.apache.jasper.compiler"
"Tomcat8","1036","org.apache.jasper.compiler"
"Tomcat8","1037","org.apache.jasper.compiler"
"Tomcat8","1038","org.apache.jasper.compiler"
"Tomcat8","1039","org.apache.jasper.compiler"
"Tomcat8","1040","org.apache.jasper.compiler"
"Tomcat8","1041","org.apache.jasper.compiler"
"Tomcat8","1042","org.apache.jasper.compiler"
"Tomcat8","1043","org.apache.jasper.compiler"
"Tomcat8","1044","org.apache.jasper.compiler"
"Tomcat8","1045","org.apache.jasper.compiler"
"Tomcat8","1046","org.apache.jasper.compiler"
"Tomcat8","1047","org.apache.jasper.compiler"
"Tomcat8","1048","org.apache.jasper.compiler"
"Tomcat8","1049","org.apache.jasper.compiler"
"Tomcat8","1050","org.apache.jasper.compiler"
"Tomcat8","1051","org.apache.jasper.compiler"
"Tomcat8","1052","org.apache.jasper.compiler"
"Tomcat8","1053","org.apache.jasper.compiler"
"Tomcat8","1054","org.apache.jasper.compiler"
"Tomcat8","1055","org.apache.jasper.compiler"
"Tomcat8","1056","org.apache.jasper.compiler"
"Tomcat8","1057","org.apache.jasper.compiler"
"Tomcat8","1058","org.apache.jasper.compiler"
"Tomcat8","1059","org.apache.jasper.compiler"
"Tomcat8","1060","org.apache.jasper.compiler"
"Tomcat8","1061","org.apache.jasper.compiler"
"Tomcat8","1062","org.apache.jasper.compiler"
"Tomcat8","1063","org.apache.jasper.compiler"
"Tomcat8","1064","org.apache.jasper.compiler"
"Tomcat8","1065","org.apache.jasper.compiler"
"Tomcat8","1066","org.apache.jasper.compiler"
"Tomcat8","1067","org.apache.jasper.compiler"
"Tomcat8","1068","org.apache.jasper.compiler"
"Tomcat8","1069","org.apache.jasper.compiler"
"Tomcat8","1070","org.apache.jasper.compiler"
"Tomcat8","1071","org.apache.jasper.compiler"
"Tomcat8","1072","org.apache.jasper.compiler"
"Tomcat8","1073","org.apache.jasper.compiler.tagplugin"
"Tomcat8","1074","org.apache.jasper.compiler.tagplugin"
"Tomcat8","1075","org.apache.jasper.compiler"
"Tomcat8","1076","org.apache.jasper.compiler"
"Tomcat8","1077","org.apache.jasper.compiler"
"Tomcat8","1078","org.apache.jasper.compiler"
"Tomcat8","1079","org.apache.jasper"
"Tomcat8","1080","org.apache.jasper.el"
"Tomcat8","1081","org.apache.jasper.el"
"Tomcat8","1082","org.apache.jasper.el"
"Tomcat8","1083","org.apache.jasper.el"
"Tomcat8","1084","org.apache.jasper.el"
"Tomcat8","1085","org.apache.jasper.el"
"Tomcat8","1086","org.apache.jasper.el"
"Tomcat8","1087","org.apache.jasper.el"
"Tomcat8","1088","org.apache.jasper.el"
"Tomcat8","1089","org.apache.jasper.el"
"Tomcat8","1090","org.apache.jasper.el"
"Tomcat8","1091","org.apache.jasper.el"
"Tomcat8","1092","org.apache.jasper.el"
"Tomcat8","1093","org.apache.jasper.el"
"Tomcat8","1094","org.apache.jasper"
"Tomcat8","1095","org.apache.jasper"
"Tomcat8","1096","org.apache.jasper"
"Tomcat8","1097","org.apache.jasper"
"Tomcat8","1098","org.apache.jasper.optimizations"
"Tomcat8","1099","org.apache.jasper.optimizations"
"Tomcat8","1100","org.apache.jasper"
"Tomcat8","1101","org.apache.jasper.runtime"
"Tomcat8","1102","org.apache.jasper.runtime"
"Tomcat8","1103","org.apache.jasper.runtime"
"Tomcat8","1104","org.apache.jasper.runtime"
"Tomcat8","1105","org.apache.jasper.runtime"
"Tomcat8","1106","org.apache.jasper.runtime"
"Tomcat8","1107","org.apache.jasper.runtime"
"Tomcat8","1108","org.apache.jasper.runtime"
"Tomcat8","1109","org.apache.jasper.runtime"
"Tomcat8","1110","org.apache.jasper.runtime"
"Tomcat8","1111","org.apache.jasper.runtime"
"Tomcat8","1112","org.apache.jasper.runtime"
"Tomcat8","1113","org.apache.jasper.runtime"
"Tomcat8","1114","org.apache.jasper.runtime"
"Tomcat8","1115","org.apache.jasper.runtime"
"Tomcat8","1116","org.apache.jasper.runtime"
"Tomcat8","1117","org.apache.jasper.runtime"
"Tomcat8","1118","org.apache.jasper.security"
"Tomcat8","1119","org.apache.jasper.security"
"Tomcat8","1120","org.apache.jasper.servlet"
"Tomcat8","1121","org.apache.jasper.servlet"
"Tomcat8","1122","org.apache.jasper.servlet"
"Tomcat8","1123","org.apache.jasper.servlet"
"Tomcat8","1124","org.apache.jasper.servlet"
"Tomcat8","1125","org.apache.jasper.servlet"
"Tomcat8","1126","org.apache.jasper.servlet"
"Tomcat8","1127","org.apache.jasper.tagplugins.jstl.core"
"Tomcat8","1128","org.apache.jasper.tagplugins.jstl.core"
"Tomcat8","1129","org.apache.jasper.tagplugins.jstl.core"
"Tomcat8","1130","org.apache.jasper.tagplugins.jstl.core"
"Tomcat8","1131","org.apache.jasper.tagplugins.jstl.core"
"Tomcat8","1132","org.apache.jasper.tagplugins.jstl.core"
"Tomcat8","1133","org.apache.jasper.tagplugins.jstl.core"
"Tomcat8","1134","org.apache.jasper.tagplugins.jstl.core"
"Tomcat8","1135","org.apache.jasper.tagplugins.jstl.core"
"Tomcat8","1136","org.apache.jasper.tagplugins.jstl.core"
"Tomcat8","1137","org.apache.jasper.tagplugins.jstl.core"
"Tomcat8","1138","org.apache.jasper.tagplugins.jstl.core"
"Tomcat8","1139","org.apache.jasper.tagplugins.jstl.core"
"Tomcat8","1140","org.apache.jasper.tagplugins.jstl.core"
"Tomcat8","1141","org.apache.jasper.tagplugins.jstl"
"Tomcat8","1142","org.apache.jasper"
"Tomcat8","1143","org.apache.jasper.util"
"Tomcat8","1144","org.apache.jasper.util"
"Tomcat8","1145","org.apache.juli"
"Tomcat8","1146","org.apache.juli"
"Tomcat8","1147","org.apache.juli"
"Tomcat8","1148","org.apache.juli"
"Tomcat8","1149","org.apache.juli"
"Tomcat8","1150","org.apache.juli.logging"
"Tomcat8","1151","org.apache.juli.logging"
"Tomcat8","1152","org.apache.juli.logging"
"Tomcat8","1153","org.apache.juli.logging"
"Tomcat8","1154","org.apache.juli"
"Tomcat8","1155","org.apache.juli"
"Tomcat8","1156","org.apache.juli"
"Tomcat8","1157","org.apache.naming"
"Tomcat8","1158","org.apache.naming"
"Tomcat8","1159","org.apache.naming"
"Tomcat8","1160","org.apache.naming"
"Tomcat8","1161","org.apache.naming.factory"
"Tomcat8","1162","org.apache.naming.factory"
"Tomcat8","1163","org.apache.naming.factory"
"Tomcat8","1164","org.apache.naming.factory"
"Tomcat8","1165","org.apache.naming.factory"
"Tomcat8","1166","org.apache.naming.factory"
"Tomcat8","1167","org.apache.naming.factory"
"Tomcat8","1168","org.apache.naming.factory"
"Tomcat8","1169","org.apache.naming.factory"
"Tomcat8","1170","org.apache.naming.factory"
"Tomcat8","1171","org.apache.naming.factory"
"Tomcat8","1172","org.apache.naming.factory"
"Tomcat8","1173","org.apache.naming.factory"
"Tomcat8","1174","org.apache.naming.factory.webservices"
"Tomcat8","1175","org.apache.naming.factory.webservices"
"Tomcat8","1176","org.apache.naming"
"Tomcat8","1177","org.apache.naming.java"
"Tomcat8","1178","org.apache.naming"
"Tomcat8","1179","org.apache.naming"
"Tomcat8","1180","org.apache.naming"
"Tomcat8","1181","org.apache.naming"
"Tomcat8","1182","org.apache.naming"
"Tomcat8","1183","org.apache.naming"
"Tomcat8","1184","org.apache.naming"
"Tomcat8","1185","org.apache.naming"
"Tomcat8","1186","org.apache.naming"
"Tomcat8","1187","org.apache.naming"
"Tomcat8","1188","org.apache.naming"
"Tomcat8","1189","org.apache.naming"
"Tomcat8","1190","org.apache.naming"
"Tomcat8","1191","org.apache.tomcat.buildutil"
"Tomcat8","1192","org.apache.tomcat.buildutil"
"Tomcat8","1193","org.apache.tomcat.buildutil"
"Tomcat8","1194","org.apache.tomcat.buildutil.translate"
"Tomcat8","1195","org.apache.tomcat.buildutil.translate"
"Tomcat8","1196","org.apache.tomcat.buildutil.translate"
"Tomcat8","1197","org.apache.tomcat.buildutil.translate"
"Tomcat8","1198","org.apache.tomcat.buildutil.translate"
"Tomcat8","1199","org.apache.tomcat.buildutil.translate"
"Tomcat8","1200","org.apache.tomcat.buildutil.translate"
"Tomcat8","1201","org.apache.tomcat.buildutil"
"Tomcat8","1202","org.apache.tomcat.buildutil"
"Tomcat8","1203","org.apache.tomcat"
"Tomcat8","1204","org.apache.tomcat.dbcp.dbcp2"
"Tomcat8","1205","org.apache.tomcat.dbcp.dbcp2"
"Tomcat8","1206","org.apache.tomcat.dbcp.dbcp2"
"Tomcat8","1207","org.apache.tomcat.dbcp.dbcp2"
"Tomcat8","1208","org.apache.tomcat.dbcp.dbcp2"
"Tomcat8","1209","org.apache.tomcat.dbcp.dbcp2"
"Tomcat8","1210","org.apache.tomcat.dbcp.dbcp2"
"Tomcat8","1211","org.apache.tomcat.dbcp.dbcp2.cpdsadapter"
"Tomcat8","1212","org.apache.tomcat.dbcp.dbcp2.cpdsadapter"
"Tomcat8","1213","org.apache.tomcat.dbcp.dbcp2.cpdsadapter"
"Tomcat8","1214","org.apache.tomcat.dbcp.dbcp2.cpdsadapter"
"Tomcat8","1215","org.apache.tomcat.dbcp.dbcp2"
"Tomcat8","1216","org.apache.tomcat.dbcp.dbcp2"
"Tomcat8","1217","org.apache.tomcat.dbcp.dbcp2.datasources"
"Tomcat8","1218","org.apache.tomcat.dbcp.dbcp2.datasources"
"Tomcat8","1219","org.apache.tomcat.dbcp.dbcp2.datasources"
"Tomcat8","1220","org.apache.tomcat.dbcp.dbcp2.datasources"
"Tomcat8","1221","org.apache.tomcat.dbcp.dbcp2.datasources"
"Tomcat8","1222","org.apache.tomcat.dbcp.dbcp2.datasources"
"Tomcat8","1223","org.apache.tomcat.dbcp.dbcp2.datasources"
"Tomcat8","1224","org.apache.tomcat.dbcp.dbcp2.datasources"
"Tomcat8","1225","org.apache.tomcat.dbcp.dbcp2.datasources"
"Tomcat8","1226","org.apache.tomcat.dbcp.dbcp2.datasources"
"Tomcat8","1227","org.apache.tomcat.dbcp.dbcp2.datasources"
"Tomcat8","1228","org.apache.tomcat.dbcp.dbcp2.datasources"
"Tomcat8","1229","org.apache.tomcat.dbcp.dbcp2.datasources"
"Tomcat8","1230","org.apache.tomcat.dbcp.dbcp2"
"Tomcat8","1231","org.apache.tomcat.dbcp.dbcp2"
"Tomcat8","1232","org.apache.tomcat.dbcp.dbcp2"
"Tomcat8","1233","org.apache.tomcat.dbcp.dbcp2"
"Tomcat8","1234","org.apache.tomcat.dbcp.dbcp2"
"Tomcat8","1235","org.apache.tomcat.dbcp.dbcp2"
"Tomcat8","1236","org.apache.tomcat.dbcp.dbcp2"
"Tomcat8","1237","org.apache.tomcat.dbcp.dbcp2"
"Tomcat8","1238","org.apache.tomcat.dbcp.dbcp2"
"Tomcat8","1239","org.apache.tomcat.dbcp.dbcp2"
"Tomcat8","1240","org.apache.tomcat.dbcp.dbcp2"
"Tomcat8","1241","org.apache.tomcat.dbcp.dbcp2"
"Tomcat8","1242","org.apache.tomcat.dbcp.dbcp2.managed"
"Tomcat8","1243","org.apache.tomcat.dbcp.dbcp2.managed"
"Tomcat8","1244","org.apache.tomcat.dbcp.dbcp2.managed"
"Tomcat8","1245","org.apache.tomcat.dbcp.dbcp2.managed"
"Tomcat8","1246","org.apache.tomcat.dbcp.dbcp2.managed"
"Tomcat8","1247","org.apache.tomcat.dbcp.dbcp2.managed"
"Tomcat8","1248","org.apache.tomcat.dbcp.dbcp2.managed"
"Tomcat8","1249","org.apache.tomcat.dbcp.dbcp2.managed"
"Tomcat8","1250","org.apache.tomcat.dbcp.dbcp2.managed"
"Tomcat8","1251","org.apache.tomcat.dbcp.dbcp2.managed"
"Tomcat8","1252","org.apache.tomcat.dbcp.dbcp2.managed"
"Tomcat8","1253","org.apache.tomcat.dbcp.dbcp2"
"Tomcat8","1254","org.apache.tomcat.dbcp.dbcp2"
"Tomcat8","1255","org.apache.tomcat.dbcp.dbcp2"
"Tomcat8","1256","org.apache.tomcat.dbcp.dbcp2"
"Tomcat8","1257","org.apache.tomcat.dbcp.dbcp2"
"Tomcat8","1258","org.apache.tomcat.dbcp.dbcp2"
"Tomcat8","1259","org.apache.tomcat.dbcp.dbcp2"
"Tomcat8","1260","org.apache.tomcat.dbcp.dbcp2"
"Tomcat8","1261","org.apache.tomcat.dbcp.dbcp2"
"Tomcat8","1262","org.apache.tomcat.dbcp.dbcp2"
"Tomcat8","1263","org.apache.tomcat.dbcp.dbcp2"
"Tomcat8","1264","org.apache.tomcat.dbcp.dbcp2"
"Tomcat8","1265","org.apache.tomcat.dbcp.dbcp2"
"Tomcat8","1266","org.apache.tomcat.dbcp.pool2"
"Tomcat8","1267","org.apache.tomcat.dbcp.pool2"
"Tomcat8","1268","org.apache.tomcat.dbcp.pool2"
"Tomcat8","1269","org.apache.tomcat.dbcp.pool2"
"Tomcat8","1270","org.apache.tomcat.dbcp.pool2"
"Tomcat8","1271","org.apache.tomcat.dbcp.pool2.impl"
"Tomcat8","1272","org.apache.tomcat.dbcp.pool2.impl"
"Tomcat8","1273","org.apache.tomcat.dbcp.pool2.impl"
"Tomcat8","1274","org.apache.tomcat.dbcp.pool2.impl"
"Tomcat8","1275","org.apache.tomcat.dbcp.pool2.impl"
"Tomcat8","1276","org.apache.tomcat.dbcp.pool2.impl"
"Tomcat8","1277","org.apache.tomcat.dbcp.pool2.impl"
"Tomcat8","1278","org.apache.tomcat.dbcp.pool2.impl"
"Tomcat8","1279","org.apache.tomcat.dbcp.pool2.impl"
"Tomcat8","1280","org.apache.tomcat.dbcp.pool2.impl"
"Tomcat8","1281","org.apache.tomcat.dbcp.pool2.impl"
"Tomcat8","1282","org.apache.tomcat.dbcp.pool2.impl"
"Tomcat8","1283","org.apache.tomcat.dbcp.pool2.impl"
"Tomcat8","1284","org.apache.tomcat.dbcp.pool2.impl"
"Tomcat8","1285","org.apache.tomcat.dbcp.pool2.impl"
"Tomcat8","1286","org.apache.tomcat.dbcp.pool2.impl"
"Tomcat8","1287","org.apache.tomcat.dbcp.pool2.impl"
"Tomcat8","1288","org.apache.tomcat.dbcp.pool2.impl"
"Tomcat8","1289","org.apache.tomcat.dbcp.pool2.impl"
"Tomcat8","1290","org.apache.tomcat.dbcp.pool2.impl"
"Tomcat8","1291","org.apache.tomcat.dbcp.pool2.impl"
"Tomcat8","1292","org.apache.tomcat.dbcp.pool2.impl"
"Tomcat8","1293","org.apache.tomcat.dbcp.pool2.impl"
"Tomcat8","1294","org.apache.tomcat.dbcp.pool2.impl"
"Tomcat8","1295","org.apache.tomcat.dbcp.pool2.impl"
"Tomcat8","1296","org.apache.tomcat.dbcp.pool2.impl"
"Tomcat8","1297","org.apache.tomcat.dbcp.pool2"
"Tomcat8","1298","org.apache.tomcat.dbcp.pool2"
"Tomcat8","1299","org.apache.tomcat.dbcp.pool2"
"Tomcat8","1300","org.apache.tomcat.dbcp.pool2"
"Tomcat8","1301","org.apache.tomcat.dbcp.pool2"
"Tomcat8","1302","org.apache.tomcat.dbcp.pool2"
"Tomcat8","1303","org.apache.tomcat.dbcp.pool2"
"Tomcat8","1304","org.apache.tomcat.dbcp.pool2"
"Tomcat8","1305","org.apache.tomcat.dbcp.pool2"
"Tomcat8","1306","org.apache.tomcat.dbcp.pool2"
"Tomcat8","1307","org.apache.tomcat"
"Tomcat8","1308","org.apache.tomcat"
"Tomcat8","1309","org.apache.tomcat"
"Tomcat8","1310","org.apache.tomcat"
"Tomcat8","1311","org.apache.tomcat"
"Tomcat8","1312","org.apache.tomcat"
"Tomcat8","1313","org.apache.tomcat"
"Tomcat8","1314","org.apache.tomcat"
"Tomcat8","1315","org.apache.tomcat.jni"
"Tomcat8","1316","org.apache.tomcat.jni"
"Tomcat8","1317","org.apache.tomcat.jni"
"Tomcat8","1318","org.apache.tomcat.jni"
"Tomcat8","1319","org.apache.tomcat.jni"
"Tomcat8","1320","org.apache.tomcat.jni"
"Tomcat8","1321","org.apache.tomcat.jni"
"Tomcat8","1322","org.apache.tomcat.jni"
"Tomcat8","1323","org.apache.tomcat.jni"
"Tomcat8","1324","org.apache.tomcat.jni"
"Tomcat8","1325","org.apache.tomcat.jni"
"Tomcat8","1326","org.apache.tomcat.jni"
"Tomcat8","1327","org.apache.tomcat.jni"
"Tomcat8","1328","org.apache.tomcat.jni"
"Tomcat8","1329","org.apache.tomcat"
"Tomcat8","1330","org.apache.tomcat"
"Tomcat8","1331","org.apache.tomcat.util.bcel.classfile"
"Tomcat8","1332","org.apache.tomcat.util.bcel.classfile"
"Tomcat8","1333","org.apache.tomcat.util.bcel.classfile"
"Tomcat8","1334","org.apache.tomcat.util.bcel.classfile"
"Tomcat8","1335","org.apache.tomcat.util.bcel.classfile"
"Tomcat8","1336","org.apache.tomcat.util.bcel.classfile"
"Tomcat8","1337","org.apache.tomcat.util.bcel.classfile"
"Tomcat8","1338","org.apache.tomcat.util.bcel.classfile"
"Tomcat8","1339","org.apache.tomcat.util.bcel.classfile"
"Tomcat8","1340","org.apache.tomcat.util.bcel.classfile"
"Tomcat8","1341","org.apache.tomcat.util.bcel.classfile"
"Tomcat8","1342","org.apache.tomcat.util.bcel.classfile"
"Tomcat8","1343","org.apache.tomcat.util.bcel.classfile"
"Tomcat8","1344","org.apache.tomcat.util.bcel.classfile"
"Tomcat8","1345","org.apache.tomcat.util.bcel.classfile"
"Tomcat8","1346","org.apache.tomcat.util.bcel.classfile"
"Tomcat8","1347","org.apache.tomcat.util.bcel.classfile"
"Tomcat8","1348","org.apache.tomcat.util.bcel.classfile"
"Tomcat8","1349","org.apache.tomcat.util.bcel.classfile"
"Tomcat8","1350","org.apache.tomcat.util.bcel.classfile"
"Tomcat8","1351","org.apache.tomcat.util.bcel.classfile"
"Tomcat8","1352","org.apache.tomcat.util.bcel"
"Tomcat8","1353","org.apache.tomcat.util.buf"
"Tomcat8","1354","org.apache.tomcat.util.buf"
"Tomcat8","1355","org.apache.tomcat.util.buf"
"Tomcat8","1356","org.apache.tomcat.util.buf"
"Tomcat8","1357","org.apache.tomcat.util.buf"
"Tomcat8","1358","org.apache.tomcat.util.buf"
"Tomcat8","1359","org.apache.tomcat.util.buf"
"Tomcat8","1360","org.apache.tomcat.util.buf"
"Tomcat8","1361","org.apache.tomcat.util.buf"
"Tomcat8","1362","org.apache.tomcat.util.buf"
"Tomcat8","1363","org.apache.tomcat.util.buf"
"Tomcat8","1364","org.apache.tomcat.util.buf"
"Tomcat8","1365","org.apache.tomcat.util.buf"
"Tomcat8","1366","org.apache.tomcat.util.buf"
"Tomcat8","1367","org.apache.tomcat.util.buf"
"Tomcat8","1368","org.apache.tomcat.util.buf"
"Tomcat8","1369","org.apache.tomcat.util.buf"
"Tomcat8","1370","org.apache.tomcat.util.buf"
"Tomcat8","1371","org.apache.tomcat.util.buf"
"Tomcat8","1372","org.apache.tomcat.util.buf"
"Tomcat8","1373","org.apache.tomcat.util.buf"
"Tomcat8","1374","org.apache.tomcat.util.buf"
"Tomcat8","1375","org.apache.tomcat.util.codec.binary"
"Tomcat8","1376","org.apache.tomcat.util.codec.binary"
"Tomcat8","1377","org.apache.tomcat.util.codec.binary"
"Tomcat8","1378","org.apache.tomcat.util.collections"
"Tomcat8","1379","org.apache.tomcat.util.collections"
"Tomcat8","1380","org.apache.tomcat.util.collections"
"Tomcat8","1381","org.apache.tomcat.util.collections"
"Tomcat8","1382","org.apache.tomcat.util.collections"
"Tomcat8","1383","org.apache.tomcat.util.compat"
"Tomcat8","1384","org.apache.tomcat.util.compat"
"Tomcat8","1385","org.apache.tomcat.util.compat"
"Tomcat8","1386","org.apache.tomcat.util.compat"
"Tomcat8","1387","org.apache.tomcat.util.descriptor"
"Tomcat8","1388","org.apache.tomcat.util.descriptor"
"Tomcat8","1389","org.apache.tomcat.util.descriptor"
"Tomcat8","1390","org.apache.tomcat.util.descriptor"
"Tomcat8","1391","org.apache.tomcat.util.descriptor.tagplugin"
"Tomcat8","1392","org.apache.tomcat.util.descriptor.tld"
"Tomcat8","1393","org.apache.tomcat.util.descriptor.tld"
"Tomcat8","1394","org.apache.tomcat.util.descriptor.tld"
"Tomcat8","1395","org.apache.tomcat.util.descriptor.tld"
"Tomcat8","1396","org.apache.tomcat.util.descriptor.tld"
"Tomcat8","1397","org.apache.tomcat.util.descriptor.tld"
"Tomcat8","1398","org.apache.tomcat.util.descriptor.tld"
"Tomcat8","1399","org.apache.tomcat.util.descriptor.tld"
"Tomcat8","1400","org.apache.tomcat.util.descriptor.web"
"Tomcat8","1401","org.apache.tomcat.util.descriptor.web"
"Tomcat8","1402","org.apache.tomcat.util.descriptor.web"
"Tomcat8","1403","org.apache.tomcat.util.descriptor.web"
"Tomcat8","1404","org.apache.tomcat.util.descriptor.web"
"Tomcat8","1405","org.apache.tomcat.util.descriptor.web"
"Tomcat8","1406","org.apache.tomcat.util.descriptor.web"
"Tomcat8","1407","org.apache.tomcat.util.descriptor.web"
"Tomcat8","1408","org.apache.tomcat.util.descriptor.web"
"Tomcat8","1409","org.apache.tomcat.util.descriptor.web"
"Tomcat8","1410","org.apache.tomcat.util.descriptor.web"
"Tomcat8","1411","org.apache.tomcat.util.descriptor.web"
"Tomcat8","1412","org.apache.tomcat.util.descriptor.web"
"Tomcat8","1413","org.apache.tomcat.util.descriptor.web"
"Tomcat8","1414","org.apache.tomcat.util.descriptor.web"
"Tomcat8","1415","org.apache.tomcat.util.descriptor.web"
"Tomcat8","1416","org.apache.tomcat.util.descriptor.web"
"Tomcat8","1417","org.apache.tomcat.util.descriptor.web"
"Tomcat8","1418","org.apache.tomcat.util.descriptor.web"
"Tomcat8","1419","org.apache.tomcat.util.descriptor.web"
"Tomcat8","1420","org.apache.tomcat.util.descriptor.web"
"Tomcat8","1421","org.apache.tomcat.util.descriptor.web"
"Tomcat8","1422","org.apache.tomcat.util.descriptor.web"
"Tomcat8","1423","org.apache.tomcat.util.descriptor.web"
"Tomcat8","1424","org.apache.tomcat.util.descriptor.web"
"Tomcat8","1425","org.apache.tomcat.util.descriptor.web"
"Tomcat8","1426","org.apache.tomcat.util.descriptor.web"
"Tomcat8","1427","org.apache.tomcat.util.descriptor.web"
"Tomcat8","1428","org.apache.tomcat.util.descriptor.web"
"Tomcat8","1429","org.apache.tomcat.util.descriptor.web"
"Tomcat8","1430","org.apache.tomcat.util.descriptor.web"
"Tomcat8","1431","org.apache.tomcat.util.descriptor.web"
"Tomcat8","1432","org.apache.tomcat.util.descriptor.web"
"Tomcat8","1433","org.apache.tomcat.util.descriptor.web"
"Tomcat8","1434","org.apache.tomcat.util.descriptor.web"
"Tomcat8","1435","org.apache.tomcat.util.descriptor.web"
"Tomcat8","1436","org.apache.tomcat.util.descriptor"
"Tomcat8","1437","org.apache.tomcat.util.descriptor"
"Tomcat8","1438","org.apache.tomcat.util"
"Tomcat8","1439","org.apache.tomcat.util.digester"
"Tomcat8","1440","org.apache.tomcat.util.digester"
"Tomcat8","1441","org.apache.tomcat.util.digester"
"Tomcat8","1442","org.apache.tomcat.util.digester"
"Tomcat8","1443","org.apache.tomcat.util.digester"
"Tomcat8","1444","org.apache.tomcat.util.digester"
"Tomcat8","1445","org.apache.tomcat.util.digester"
"Tomcat8","1446","org.apache.tomcat.util.digester"
"Tomcat8","1447","org.apache.tomcat.util.digester"
"Tomcat8","1448","org.apache.tomcat.util.digester"
"Tomcat8","1449","org.apache.tomcat.util.digester"
"Tomcat8","1450","org.apache.tomcat.util.digester"
"Tomcat8","1451","org.apache.tomcat.util.digester"
"Tomcat8","1452","org.apache.tomcat.util.digester"
"Tomcat8","1453","org.apache.tomcat.util.digester"
"Tomcat8","1454","org.apache.tomcat.util.digester"
"Tomcat8","1455","org.apache.tomcat.util.digester"
"Tomcat8","1456","org.apache.tomcat.util"
"Tomcat8","1457","org.apache.tomcat.util.file"
"Tomcat8","1458","org.apache.tomcat.util.file"
"Tomcat8","1459","org.apache.tomcat.util.file"
"Tomcat8","1460","org.apache.tomcat.util.http"
"Tomcat8","1461","org.apache.tomcat.util.http"
"Tomcat8","1462","org.apache.tomcat.util.http"
"Tomcat8","1463","org.apache.tomcat.util.http"
"Tomcat8","1464","org.apache.tomcat.util.http.fileupload"
"Tomcat8","1465","org.apache.tomcat.util.http.fileupload"
"Tomcat8","1466","org.apache.tomcat.util.http.fileupload.disk"
"Tomcat8","1467","org.apache.tomcat.util.http.fileupload.disk"
"Tomcat8","1468","org.apache.tomcat.util.http.fileupload"
"Tomcat8","1469","org.apache.tomcat.util.http.fileupload"
"Tomcat8","1470","org.apache.tomcat.util.http.fileupload"
"Tomcat8","1471","org.apache.tomcat.util.http.fileupload"
"Tomcat8","1472","org.apache.tomcat.util.http.fileupload"
"Tomcat8","1473","org.apache.tomcat.util.http.fileupload"
"Tomcat8","1474","org.apache.tomcat.util.http.fileupload"
"Tomcat8","1475","org.apache.tomcat.util.http.fileupload"
"Tomcat8","1476","org.apache.tomcat.util.http.fileupload"
"Tomcat8","1477","org.apache.tomcat.util.http.fileupload"
"Tomcat8","1478","org.apache.tomcat.util.http.fileupload.impl"
"Tomcat8","1479","org.apache.tomcat.util.http.fileupload.impl"
"Tomcat8","1480","org.apache.tomcat.util.http.fileupload.impl"
"Tomcat8","1481","org.apache.tomcat.util.http.fileupload.impl"
"Tomcat8","1482","org.apache.tomcat.util.http.fileupload.impl"
"Tomcat8","1483","org.apache.tomcat.util.http.fileupload.impl"
"Tomcat8","1484","org.apache.tomcat.util.http.fileupload.impl"
"Tomcat8","1485","org.apache.tomcat.util.http.fileupload.impl"
"Tomcat8","1486","org.apache.tomcat.util.http.fileupload"
"Tomcat8","1487","org.apache.tomcat.util.http.fileupload"
"Tomcat8","1488","org.apache.tomcat.util.http.fileupload"
"Tomcat8","1489","org.apache.tomcat.util.http.fileupload"
"Tomcat8","1490","org.apache.tomcat.util.http.fileupload"
"Tomcat8","1491","org.apache.tomcat.util.http.fileupload"
"Tomcat8","1492","org.apache.tomcat.util.http.fileupload.servlet"
"Tomcat8","1493","org.apache.tomcat.util.http.fileupload.servlet"
"Tomcat8","1494","org.apache.tomcat.util.http.fileupload"
"Tomcat8","1495","org.apache.tomcat.util.http.fileupload"
"Tomcat8","1496","org.apache.tomcat.util.http.fileupload.util"
"Tomcat8","1497","org.apache.tomcat.util.http.fileupload.util"
"Tomcat8","1498","org.apache.tomcat.util.http.fileupload.util"
"Tomcat8","1499","org.apache.tomcat.util.http.fileupload.util.mime"
"Tomcat8","1500","org.apache.tomcat.util.http.fileupload.util.mime"
"Tomcat8","1501","org.apache.tomcat.util.http.fileupload.util.mime"
"Tomcat8","1502","org.apache.tomcat.util.http.fileupload.util.mime"
"Tomcat8","1503","org.apache.tomcat.util.http.fileupload.util"
"Tomcat8","1504","org.apache.tomcat.util.http"
"Tomcat8","1505","org.apache.tomcat.util.http"
"Tomcat8","1506","org.apache.tomcat.util.http"
"Tomcat8","1507","org.apache.tomcat.util.http.parser"
"Tomcat8","1508","org.apache.tomcat.util.http.parser"
"Tomcat8","1509","org.apache.tomcat.util.http.parser"
"Tomcat8","1510","org.apache.tomcat.util.http.parser"
"Tomcat8","1511","org.apache.tomcat.util.http.parser"
"Tomcat8","1512","org.apache.tomcat.util.http.parser"
"Tomcat8","1513","org.apache.tomcat.util.http.parser"
"Tomcat8","1514","org.apache.tomcat.util.http.parser"
"Tomcat8","1515","org.apache.tomcat.util.http.parser"
"Tomcat8","1516","org.apache.tomcat.util.http.parser"
"Tomcat8","1517","org.apache.tomcat.util.http.parser"
"Tomcat8","1518","org.apache.tomcat.util.http.parser"
"Tomcat8","1519","org.apache.tomcat.util.http.parser"
"Tomcat8","1520","org.apache.tomcat.util.http.parser"
"Tomcat8","1521","org.apache.tomcat.util.http"
"Tomcat8","1522","org.apache.tomcat.util.http"
"Tomcat8","1523","org.apache.tomcat.util.http"
"Tomcat8","1524","org.apache.tomcat.util.http"
"Tomcat8","1525","org.apache.tomcat.util.http"
"Tomcat8","1526","org.apache.tomcat.util.http"
"Tomcat8","1527","org.apache.tomcat.util"
"Tomcat8","1528","org.apache.tomcat.util.json"
"Tomcat8","1529","org.apache.tomcat.util.json"
"Tomcat8","1530","org.apache.tomcat.util.json"
"Tomcat8","1531","org.apache.tomcat.util.json"
"Tomcat8","1532","org.apache.tomcat.util.json"
"Tomcat8","1533","org.apache.tomcat.util.json"
"Tomcat8","1534","org.apache.tomcat.util.json"
"Tomcat8","1535","org.apache.tomcat.util.log"
"Tomcat8","1536","org.apache.tomcat.util.log"
"Tomcat8","1537","org.apache.tomcat.util.log"
"Tomcat8","1538","org.apache.tomcat.util.modeler"
"Tomcat8","1539","org.apache.tomcat.util.modeler"
"Tomcat8","1540","org.apache.tomcat.util.modeler"
"Tomcat8","1541","org.apache.tomcat.util.modeler"
"Tomcat8","1542","org.apache.tomcat.util.modeler"
"Tomcat8","1543","org.apache.tomcat.util.modeler"
"Tomcat8","1544","org.apache.tomcat.util.modeler.modules"
"Tomcat8","1545","org.apache.tomcat.util.modeler.modules"
"Tomcat8","1546","org.apache.tomcat.util.modeler.modules"
"Tomcat8","1547","org.apache.tomcat.util.modeler"
"Tomcat8","1548","org.apache.tomcat.util.modeler"
"Tomcat8","1549","org.apache.tomcat.util.modeler"
"Tomcat8","1550","org.apache.tomcat.util.modeler"
"Tomcat8","1551","org.apache.tomcat.util.modeler"
"Tomcat8","1552","org.apache.tomcat.util.modeler"
"Tomcat8","1553","org.apache.tomcat.util.modeler"
"Tomcat8","1554","org.apache.tomcat.util"
"Tomcat8","1555","org.apache.tomcat.util.net"
"Tomcat8","1556","org.apache.tomcat.util.net"
"Tomcat8","1557","org.apache.tomcat.util.net"
"Tomcat8","1558","org.apache.tomcat.util.net"
"Tomcat8","1559","org.apache.tomcat.util.net"
"Tomcat8","1560","org.apache.tomcat.util.net"
"Tomcat8","1561","org.apache.tomcat.util.net"
"Tomcat8","1562","org.apache.tomcat.util.net.jsse"
"Tomcat8","1563","org.apache.tomcat.util.net.jsse"
"Tomcat8","1564","org.apache.tomcat.util.net.jsse"
"Tomcat8","1565","org.apache.tomcat.util.net.jsse"
"Tomcat8","1566","org.apache.tomcat.util.net.jsse"
"Tomcat8","1567","org.apache.tomcat.util.net.jsse"
"Tomcat8","1568","org.apache.tomcat.util.net"
"Tomcat8","1569","org.apache.tomcat.util.net"
"Tomcat8","1570","org.apache.tomcat.util.net"
"Tomcat8","1571","org.apache.tomcat.util.net"
"Tomcat8","1572","org.apache.tomcat.util.net.openssl.ciphers"
"Tomcat8","1573","org.apache.tomcat.util.net.openssl.ciphers"
"Tomcat8","1574","org.apache.tomcat.util.net.openssl.ciphers"
"Tomcat8","1575","org.apache.tomcat.util.net.openssl.ciphers"
"Tomcat8","1576","org.apache.tomcat.util.net.openssl.ciphers"
"Tomcat8","1577","org.apache.tomcat.util.net.openssl.ciphers"
"Tomcat8","1578","org.apache.tomcat.util.net.openssl.ciphers"
"Tomcat8","1579","org.apache.tomcat.util.net.openssl.ciphers"
"Tomcat8","1580","org.apache.tomcat.util.net.openssl"
"Tomcat8","1581","org.apache.tomcat.util.net.openssl"
"Tomcat8","1582","org.apache.tomcat.util.net.openssl"
"Tomcat8","1583","org.apache.tomcat.util.net.openssl"
"Tomcat8","1584","org.apache.tomcat.util.net.openssl"
"Tomcat8","1585","org.apache.tomcat.util.net.openssl"
"Tomcat8","1586","org.apache.tomcat.util.net.openssl"
"Tomcat8","1587","org.apache.tomcat.util.net.openssl"
"Tomcat8","1588","org.apache.tomcat.util.net.openssl"
"Tomcat8","1589","org.apache.tomcat.util.net"
"Tomcat8","1590","org.apache.tomcat.util.net"
"Tomcat8","1591","org.apache.tomcat.util.net"
"Tomcat8","1592","org.apache.tomcat.util.net"
"Tomcat8","1593","org.apache.tomcat.util.net"
"Tomcat8","1594","org.apache.tomcat.util.net"
"Tomcat8","1595","org.apache.tomcat.util.net"
"Tomcat8","1596","org.apache.tomcat.util.net"
"Tomcat8","1597","org.apache.tomcat.util.net"
"Tomcat8","1598","org.apache.tomcat.util.net"
"Tomcat8","1599","org.apache.tomcat.util.net"
"Tomcat8","1600","org.apache.tomcat.util.net"
"Tomcat8","1601","org.apache.tomcat.util.net"
"Tomcat8","1602","org.apache.tomcat.util.net"
"Tomcat8","1603","org.apache.tomcat.util.net"
"Tomcat8","1604","org.apache.tomcat.util.net"
"Tomcat8","1605","org.apache.tomcat.util.net"
"Tomcat8","1606","org.apache.tomcat.util.net"
"Tomcat8","1607","org.apache.tomcat.util.net"
"Tomcat8","1608","org.apache.tomcat.util.net"
"Tomcat8","1609","org.apache.tomcat.util.net"
"Tomcat8","1610","org.apache.tomcat.util.res"
"Tomcat8","1611","org.apache.tomcat.util.scan"
"Tomcat8","1612","org.apache.tomcat.util.scan"
"Tomcat8","1613","org.apache.tomcat.util.scan"
"Tomcat8","1614","org.apache.tomcat.util.scan"
"Tomcat8","1615","org.apache.tomcat.util.scan"
"Tomcat8","1616","org.apache.tomcat.util.scan"
"Tomcat8","1617","org.apache.tomcat.util.scan"
"Tomcat8","1618","org.apache.tomcat.util.scan"
"Tomcat8","1619","org.apache.tomcat.util.scan"
"Tomcat8","1620","org.apache.tomcat.util.scan"
"Tomcat8","1621","org.apache.tomcat.util.security"
"Tomcat8","1622","org.apache.tomcat.util.security"
"Tomcat8","1623","org.apache.tomcat.util.security"
"Tomcat8","1624","org.apache.tomcat.util.security"
"Tomcat8","1625","org.apache.tomcat.util.security"
"Tomcat8","1626","org.apache.tomcat.util.security"
"Tomcat8","1627","org.apache.tomcat.util.security"
"Tomcat8","1628","org.apache.tomcat.util.security"
"Tomcat8","1629","org.apache.tomcat.util.threads"
"Tomcat8","1630","org.apache.tomcat.util.threads"
"Tomcat8","1631","org.apache.tomcat.util.threads"
"Tomcat8","1632","org.apache.tomcat.util.threads"
"Tomcat8","1633","org.apache.tomcat.util.threads"
"Tomcat8","1634","org.apache.tomcat.util.threads"
"Tomcat8","1635","org.apache.tomcat.util.threads"
"Tomcat8","1636","org.apache.tomcat.util.threads"
"Tomcat8","1637","org.apache.tomcat.util.threads"
"Tomcat8","1638","org.apache.tomcat.util.threads"
"Tomcat8","1639","org.apache.tomcat.util.xreflection"
"Tomcat8","1640","org.apache.tomcat.util.xreflection"
"Tomcat8","1641","org.apache.tomcat.util.xreflection"
"Tomcat8","1642","org.apache.tomcat.util.xreflection"
"Tomcat8","1643","org.apache.tomcat.util"
"Tomcat8","1644","org.apache.tomcat.websocket"
"Tomcat8","1645","org.apache.tomcat.websocket"
"Tomcat8","1646","org.apache.tomcat.websocket"
"Tomcat8","1647","org.apache.tomcat.websocket"
"Tomcat8","1648","org.apache.tomcat.websocket"
"Tomcat8","1649","org.apache.tomcat.websocket"
"Tomcat8","1650","org.apache.tomcat.websocket"
"Tomcat8","1651","org.apache.tomcat.websocket"
"Tomcat8","1652","org.apache.tomcat.websocket"
"Tomcat8","1653","org.apache.tomcat.websocket"
"Tomcat8","1654","org.apache.tomcat.websocket"
"Tomcat8","1655","org.apache.tomcat.websocket"
"Tomcat8","1656","org.apache.tomcat.websocket"
"Tomcat8","1657","org.apache.tomcat.websocket"
"Tomcat8","1658","org.apache.tomcat.websocket"
"Tomcat8","1659","org.apache.tomcat.websocket"
"Tomcat8","1660","org.apache.tomcat.websocket"
"Tomcat8","1661","org.apache.tomcat.websocket"
"Tomcat8","1662","org.apache.tomcat.websocket"
"Tomcat8","1663","org.apache.tomcat.websocket"
"Tomcat8","1664","org.apache.tomcat.websocket"
"Tomcat8","1665","org.apache.tomcat.websocket.pojo"
"Tomcat8","1666","org.apache.tomcat.websocket.pojo"
"Tomcat8","1667","org.apache.tomcat.websocket.pojo"
"Tomcat8","1668","org.apache.tomcat.websocket.pojo"
"Tomcat8","1669","org.apache.tomcat.websocket.pojo"
"Tomcat8","1670","org.apache.tomcat.websocket.pojo"
"Tomcat8","1671","org.apache.tomcat.websocket.pojo"
"Tomcat8","1672","org.apache.tomcat.websocket.pojo"
"Tomcat8","1673","org.apache.tomcat.websocket.pojo"
"Tomcat8","1674","org.apache.tomcat.websocket.pojo"
"Tomcat8","1675","org.apache.tomcat.websocket.pojo"
"Tomcat8","1676","org.apache.tomcat.websocket.pojo"
"Tomcat8","1677","org.apache.tomcat.websocket.pojo"
"Tomcat8","1678","org.apache.tomcat.websocket.pojo"
"Tomcat8","1679","org.apache.tomcat.websocket"
"Tomcat8","1680","org.apache.tomcat.websocket"
"Tomcat8","1681","org.apache.tomcat.websocket"
"Tomcat8","1682","org.apache.tomcat.websocket.server"
"Tomcat8","1683","org.apache.tomcat.websocket.server"
"Tomcat8","1684","org.apache.tomcat.websocket.server"
"Tomcat8","1685","org.apache.tomcat.websocket.server"
"Tomcat8","1686","org.apache.tomcat.websocket.server"
"Tomcat8","1687","org.apache.tomcat.websocket.server"
"Tomcat8","1688","org.apache.tomcat.websocket.server"
"Tomcat8","1689","org.apache.tomcat.websocket.server"
"Tomcat8","1690","org.apache.tomcat.websocket.server"
"Tomcat8","1691","org.apache.tomcat.websocket.server"
"Tomcat8","1692","org.apache.tomcat.websocket.server"
"Tomcat8","1693","org.apache.tomcat.websocket.server"
"Tomcat8","1694","org.apache.tomcat.websocket.server"
"Tomcat8","1695","org.apache.tomcat.websocket.server"
"Tomcat8","1696","org.apache.tomcat.websocket.server"
"Tomcat8","1697","org.apache.tomcat.websocket.server"
"Tomcat8","1698","org.apache.tomcat.websocket"
"Tomcat8","1699","org.apache.tomcat.websocket"
"Tomcat8","1700","org.apache.tomcat.websocket"
"Tomcat8","1701","org.apache.tomcat.websocket"
"Tomcat8","1702","org.apache.tomcat.websocket"
"Tomcat8","1703","org.apache.tomcat.websocket"
"Tomcat8","1704","org.apache.tomcat.websocket"
"Tomcat8","1705","org.apache.tomcat.websocket"
"Tomcat8","1706","org.apache.tomcat.websocket"
"Tomcat8","1707","org.apache.tomcat.websocket"
"Tomcat8","1708","org.apache.tomcat.websocket"
"Tomcat8","1709","org.apache.tomcat.websocket"
"Tomcat8","1710","org.apache.tomcat.websocket"
"Tomcat8","1711","org.apache.tomcat.websocket"
"Tomcat8","1712","org.apache.tomcat.websocket"
"Tomcat8","1713","org.apache.tomcat.websocket"
"Tomcat8","1714","org.apache.tomcat.websocket"
"Tomcat8","1715","org.apache.tomcat.websocket"
"Tomcat8","1716","org.apache.tomcat.websocket"
"Tomcat8","1717","org.apache.tomcat.websocket"
